Name,Dll,Function
131.sample,b'SHLWAPI.dll',b'PathFileExistsW'
131.sample,b'SHLWAPI.dll',b'PathFileExistsA'
131.sample,b'KERNEL32.dll',b'Sleep'
131.sample,b'KERNEL32.dll',b'SizeofResource'
131.sample,b'KERNEL32.dll',b'GetConsoleWindow'
131.sample,b'KERNEL32.dll',b'GetVersionExW'
131.sample,b'KERNEL32.dll',b'GetModuleFileNameW'
131.sample,b'KERNEL32.dll',b'CreateFileW'
131.sample,b'KERNEL32.dll',b'MultiByteToWideChar'
131.sample,b'KERNEL32.dll',b'GetLastError'
131.sample,b'KERNEL32.dll',b'GetProcAddress'
131.sample,b'KERNEL32.dll',b'GetSystemDirectoryW'
131.sample,b'KERNEL32.dll',b'CreateEventW'
131.sample,b'KERNEL32.dll',b'GetModuleFileNameA'
131.sample,b'KERNEL32.dll',b'GetModuleHandleA'
131.sample,b'KERNEL32.dll',b'CloseHandle'
131.sample,b'KERNEL32.dll',b'CreateThread'
131.sample,b'KERNEL32.dll',b'CreateProcessA'
131.sample,b'KERNEL32.dll',b'GetExitCodeProcess'
131.sample,b'KERNEL32.dll',b'WriteConsoleW'
131.sample,b'KERNEL32.dll',b'WriteFile'
131.sample,b'KERNEL32.dll',b'GetModuleHandleW'
131.sample,b'KERNEL32.dll',b'SetEvent'
131.sample,b'KERNEL32.dll',b'WaitForSingleObject'
131.sample,b'KERNEL32.dll',b'CreateDirectoryW'
131.sample,b'KERNEL32.dll',b'GetCurrentProcess'
131.sample,b'KERNEL32.dll',b'LoadResource'
131.sample,b'KERNEL32.dll',b'FindResourceW'
131.sample,b'KERNEL32.dll',b'GetNativeSystemInfo'
131.sample,b'KERNEL32.dll',b'GetCommandLineW'
131.sample,b'KERNEL32.dll',b'GetFileAttributesExW'
131.sample,b'KERNEL32.dll',b'SetEnvironmentVariableA'
131.sample,b'KERNEL32.dll',b'LockResource'
131.sample,b'KERNEL32.dll',b'GetModuleHandleExW'
131.sample,b'KERNEL32.dll',b'SetStdHandle'
131.sample,b'KERNEL32.dll',b'ReadConsoleW'
131.sample,b'KERNEL32.dll',b'LoadLibraryW'
131.sample,b'KERNEL32.dll',b'InterlockedIncrement'
131.sample,b'KERNEL32.dll',b'InterlockedDecrement'
131.sample,b'KERNEL32.dll',b'EncodePointer'
131.sample,b'KERNEL32.dll',b'DecodePointer'
131.sample,b'KERNEL32.dll',b'EnterCriticalSection'
131.sample,b'KERNEL32.dll',b'LeaveCriticalSection'
131.sample,b'KERNEL32.dll',b'DeleteCriticalSection'
131.sample,b'KERNEL32.dll',b'WideCharToMultiByte'
131.sample,b'KERNEL32.dll',b'GetStringTypeW'
131.sample,b'KERNEL32.dll',b'HeapFree'
131.sample,b'KERNEL32.dll',b'HeapAlloc'
131.sample,b'KERNEL32.dll',b'ExitProcess'
131.sample,b'KERNEL32.dll',b'SetEndOfFile'
131.sample,b'KERNEL32.dll',b'AreFileApisANSI'
131.sample,b'KERNEL32.dll',b'GetCommandLineA'
131.sample,b'KERNEL32.dll',b'RaiseException'
131.sample,b'KERNEL32.dll',b'RtlUnwind'
131.sample,b'KERNEL32.dll',b'InitializeCriticalSectionAndSpinCount'
131.sample,b'KERNEL32.dll',b'GetCPInfo'
131.sample,b'KERNEL32.dll',b'IsProcessorFeaturePresent'
131.sample,b'KERNEL32.dll',b'UnhandledExceptionFilter'
131.sample,b'KERNEL32.dll',b'SetUnhandledExceptionFilter'
131.sample,b'KERNEL32.dll',b'SetLastError'
131.sample,b'KERNEL32.dll',b'TerminateProcess'
131.sample,b'KERNEL32.dll',b'TlsAlloc'
131.sample,b'KERNEL32.dll',b'TlsGetValue'
131.sample,b'KERNEL32.dll',b'TlsSetValue'
131.sample,b'KERNEL32.dll',b'TlsFree'
131.sample,b'KERNEL32.dll',b'GetStartupInfoW'
131.sample,b'KERNEL32.dll',b'CompareStringW'
131.sample,b'KERNEL32.dll',b'LCMapStringW'
131.sample,b'KERNEL32.dll',b'GetLocaleInfoW'
131.sample,b'KERNEL32.dll',b'IsValidLocale'
131.sample,b'KERNEL32.dll',b'GetUserDefaultLCID'
131.sample,b'KERNEL32.dll',b'EnumSystemLocalesW'
131.sample,b'KERNEL32.dll',b'IsDebuggerPresent'
131.sample,b'KERNEL32.dll',b'GetStdHandle'
131.sample,b'KERNEL32.dll',b'GetFileType'
131.sample,b'KERNEL32.dll',b'GetProcessHeap'
131.sample,b'KERNEL32.dll',b'ReadFile'
131.sample,b'KERNEL32.dll',b'SetFilePointerEx'
131.sample,b'KERNEL32.dll',b'FlushFileBuffers'
131.sample,b'KERNEL32.dll',b'GetConsoleCP'
131.sample,b'KERNEL32.dll',b'GetConsoleMode'
131.sample,b'KERNEL32.dll',b'HeapSize'
131.sample,b'KERNEL32.dll',b'LoadLibraryExW'
131.sample,b'KERNEL32.dll',b'IsValidCodePage'
131.sample,b'KERNEL32.dll',b'GetACP'
131.sample,b'KERNEL32.dll',b'GetOEMCP'
131.sample,b'KERNEL32.dll',b'GetCurrentThreadId'
131.sample,b'KERNEL32.dll',b'QueryPerformanceCounter'
131.sample,b'KERNEL32.dll',b'GetCurrentProcessId'
131.sample,b'KERNEL32.dll',b'GetSystemTimeAsFileTime'
131.sample,b'KERNEL32.dll',b'GetEnvironmentStringsW'
131.sample,b'KERNEL32.dll',b'FreeEnvironmentStringsW'
131.sample,b'KERNEL32.dll',b'SetFilePointer'
131.sample,b'KERNEL32.dll',b'HeapReAlloc'
131.sample,b'KERNEL32.dll',b'OutputDebugStringW'
131.sample,b'USER32.dll',b'ExitWindowsEx'
131.sample,b'USER32.dll',b'ShowWindow'
131.sample,b'ADVAPI32.dll',b'RegisterServiceCtrlHandlerW'
131.sample,b'ADVAPI32.dll',b'RevertToSelf'
131.sample,b'ADVAPI32.dll',b'SetServiceStatus'
131.sample,b'ADVAPI32.dll',b'ImpersonateLoggedOnUser'
131.sample,b'ADVAPI32.dll',b'ChangeServiceConfig2W'
131.sample,b'ADVAPI32.dll',b'LookupPrivilegeValueW'
131.sample,b'ADVAPI32.dll',b'CreateProcessAsUserW'
131.sample,b'ADVAPI32.dll',b'LogonUserW'
131.sample,b'ADVAPI32.dll',b'StartServiceCtrlDispatcherW'
131.sample,b'ADVAPI32.dll',b'OpenSCManagerW'
131.sample,b'ADVAPI32.dll',b'OpenProcessToken'
131.sample,b'ADVAPI32.dll',b'CreateServiceW'
131.sample,b'ADVAPI32.dll',b'AdjustTokenPrivileges'
131.sample,b'SHELL32.dll',b'ShellExecuteW'
131.sample,b'SHELL32.dll',b'ShellExecuteA'
Avaddon.sample,b'KERNEL32.dll',b'AllocConsole'
Avaddon.sample,b'KERNEL32.dll',b'lstrcpynA'
Avaddon.sample,b'KERNEL32.dll',b'SetEndOfFile'
Avaddon.sample,b'KERNEL32.dll',b'WriteTapemark'
Avaddon.sample,b'KERNEL32.dll',b'WaitNamedPipeA'
Avaddon.sample,b'KERNEL32.dll',b'GetEnvironmentStringsW'
Avaddon.sample,b'KERNEL32.dll',b'WaitForSingleObject'
Avaddon.sample,b'KERNEL32.dll',b'SetEvent'
Avaddon.sample,b'KERNEL32.dll',b'GetModuleHandleW'
Avaddon.sample,b'KERNEL32.dll',b'GetConsoleCP'
Avaddon.sample,b'KERNEL32.dll',b'SetFileShortNameW'
Avaddon.sample,b'KERNEL32.dll',b'FreeConsole'
Avaddon.sample,b'KERNEL32.dll',b'GetFileAttributesA'
Avaddon.sample,b'KERNEL32.dll',b'HeapQueryInformation'
Avaddon.sample,b'KERNEL32.dll',b'SetSystemPowerState'
Avaddon.sample,b'KERNEL32.dll',b'GetACP'
Avaddon.sample,b'KERNEL32.dll',b'lstrlenW'
Avaddon.sample,b'KERNEL32.dll',b'ReleaseActCtx'
Avaddon.sample,b'KERNEL32.dll',b'GetLastError'
Avaddon.sample,b'KERNEL32.dll',b'GetProcAddress'
Avaddon.sample,b'KERNEL32.dll',b'GetProcessHeaps'
Avaddon.sample,b'KERNEL32.dll',b'CreateConsoleScreenBuffer'
Avaddon.sample,b'KERNEL32.dll',b'HeapUnlock'
Avaddon.sample,b'KERNEL32.dll',b'LocalAlloc'
Avaddon.sample,b'KERNEL32.dll',b'GetTapeParameters'
Avaddon.sample,b'KERNEL32.dll',b'WaitForMultipleObjects'
Avaddon.sample,b'KERNEL32.dll',b'GetModuleFileNameA'
Avaddon.sample,b'KERNEL32.dll',b'HeapSetInformation'
Avaddon.sample,b'KERNEL32.dll',b'CreateMutexA'
Avaddon.sample,b'KERNEL32.dll',b'GetWindowsDirectoryW'
Avaddon.sample,b'KERNEL32.dll',b'GetVersion'
Avaddon.sample,b'KERNEL32.dll',b'GetPrivateProfileSectionW'
Avaddon.sample,b'KERNEL32.dll',b'FindActCtxSectionStringW'
Avaddon.sample,b'KERNEL32.dll',b'LCMapStringW'
Avaddon.sample,b'KERNEL32.dll',b'DeleteFileA'
Avaddon.sample,b'KERNEL32.dll',b'CloseHandle'
Avaddon.sample,b'KERNEL32.dll',b'CreateFileW'
Avaddon.sample,b'KERNEL32.dll',b'SetDefaultCommConfigA'
Avaddon.sample,b'KERNEL32.dll',b'FlushFileBuffers'
Avaddon.sample,b'KERNEL32.dll',b'WriteConsoleW'
Avaddon.sample,b'KERNEL32.dll',b'EncodePointer'
Avaddon.sample,b'KERNEL32.dll',b'DecodePointer'
Avaddon.sample,b'KERNEL32.dll',b'EnterCriticalSection'
Avaddon.sample,b'KERNEL32.dll',b'LeaveCriticalSection'
Avaddon.sample,b'KERNEL32.dll',b'DeleteCriticalSection'
Avaddon.sample,b'KERNEL32.dll',b'WideCharToMultiByte'
Avaddon.sample,b'KERNEL32.dll',b'MultiByteToWideChar'
Avaddon.sample,b'KERNEL32.dll',b'GetStringTypeW'
Avaddon.sample,b'KERNEL32.dll',b'GetCommandLineA'
Avaddon.sample,b'KERNEL32.dll',b'RaiseException'
Avaddon.sample,b'KERNEL32.dll',b'RtlUnwind'
Avaddon.sample,b'KERNEL32.dll',b'HeapFree'
Avaddon.sample,b'KERNEL32.dll',b'HeapAlloc'
Avaddon.sample,b'KERNEL32.dll',b'IsProcessorFeaturePresent'
Avaddon.sample,b'KERNEL32.dll',b'UnhandledExceptionFilter'
Avaddon.sample,b'KERNEL32.dll',b'SetUnhandledExceptionFilter'
Avaddon.sample,b'KERNEL32.dll',b'SetLastError'
Avaddon.sample,b'KERNEL32.dll',b'InitializeCriticalSectionAndSpinCount'
Avaddon.sample,b'KERNEL32.dll',b'Sleep'
Avaddon.sample,b'KERNEL32.dll',b'GetCurrentProcess'
Avaddon.sample,b'KERNEL32.dll',b'TerminateProcess'
Avaddon.sample,b'KERNEL32.dll',b'TlsAlloc'
Avaddon.sample,b'KERNEL32.dll',b'TlsGetValue'
Avaddon.sample,b'KERNEL32.dll',b'TlsSetValue'
Avaddon.sample,b'KERNEL32.dll',b'TlsFree'
Avaddon.sample,b'KERNEL32.dll',b'GetStartupInfoW'
Avaddon.sample,b'KERNEL32.dll',b'GetCPInfo'
Avaddon.sample,b'KERNEL32.dll',b'IsDebuggerPresent'
Avaddon.sample,b'KERNEL32.dll',b'ExitProcess'
Avaddon.sample,b'KERNEL32.dll',b'GetModuleHandleExW'
Avaddon.sample,b'KERNEL32.dll',b'HeapSize'
Avaddon.sample,b'KERNEL32.dll',b'GetCurrentThreadId'
Avaddon.sample,b'KERNEL32.dll',b'GetProcessHeap'
Avaddon.sample,b'KERNEL32.dll',b'GetStdHandle'
Avaddon.sample,b'KERNEL32.dll',b'GetFileType'
Avaddon.sample,b'KERNEL32.dll',b'WriteFile'
Avaddon.sample,b'KERNEL32.dll',b'GetModuleFileNameW'
Avaddon.sample,b'KERNEL32.dll',b'QueryPerformanceCounter'
Avaddon.sample,b'KERNEL32.dll',b'GetCurrentProcessId'
Avaddon.sample,b'KERNEL32.dll',b'GetSystemTimeAsFileTime'
Avaddon.sample,b'KERNEL32.dll',b'FreeEnvironmentStringsW'
Avaddon.sample,b'KERNEL32.dll',b'HeapReAlloc'
Avaddon.sample,b'KERNEL32.dll',b'IsValidCodePage'
Avaddon.sample,b'KERNEL32.dll',b'GetOEMCP'
Avaddon.sample,b'KERNEL32.dll',b'GetConsoleMode'
Avaddon.sample,b'KERNEL32.dll',b'SetFilePointerEx'
Avaddon.sample,b'KERNEL32.dll',b'LoadLibraryExW'
Avaddon.sample,b'KERNEL32.dll',b'OutputDebugStringW'
Avaddon.sample,b'KERNEL32.dll',b'SetStdHandle'
Avaddon.sample,b'USER32.dll',b'SetCaretPos'
Avaddon.sample,b'ADVAPI32.dll',b'CloseEventLog'
Avaddon.sample,b'WINHTTP.dll',b'WinHttpCloseHandle'
cerber.sample,b'KERNEL32.dll',b'GetExitCodeProcess'
cerber.sample,b'KERNEL32.dll',b'GetFileAttributesExW'
cerber.sample,b'KERNEL32.dll',b'GetFileAttributesW'
cerber.sample,b'KERNEL32.dll',b'GetFileSize'
cerber.sample,b'KERNEL32.dll',b'GetFileType'
cerber.sample,b'KERNEL32.dll',b'GetFullPathNameW'
cerber.sample,b'KERNEL32.dll',b'GetLastError'
cerber.sample,b'KERNEL32.dll',b'GetLocalTime'
cerber.sample,b'KERNEL32.dll',b'GetLocaleInfoW'
cerber.sample,b'KERNEL32.dll',b'GetModuleFileNameA'
cerber.sample,b'KERNEL32.dll',b'GetModuleFileNameW'
cerber.sample,b'KERNEL32.dll',b'GetModuleHandleA'
cerber.sample,b'KERNEL32.dll',b'GetModuleHandleW'
cerber.sample,b'KERNEL32.dll',b'GetPrivateProfileStringW'
cerber.sample,b'KERNEL32.dll',b'GetProcAddress'
cerber.sample,b'KERNEL32.dll',b'GetProcessHeap'
cerber.sample,b'KERNEL32.dll',b'GetStartupInfoA'
cerber.sample,b'KERNEL32.dll',b'GetStdHandle'
cerber.sample,b'KERNEL32.dll',b'GetSystemTime'
cerber.sample,b'KERNEL32.dll',b'GetSystemTimeAsFileTime'
cerber.sample,b'KERNEL32.dll',b'GetTempFileNameW'
cerber.sample,b'KERNEL32.dll',b'GetTempPathW'
cerber.sample,b'KERNEL32.dll',b'GetThreadLocale'
cerber.sample,b'KERNEL32.dll',b'GetTickCount'
cerber.sample,b'KERNEL32.dll',b'GetTimeFormatW'
cerber.sample,b'KERNEL32.dll',b'GetUserDefaultLCID'
cerber.sample,b'KERNEL32.dll',b'GetVersion'
cerber.sample,b'KERNEL32.dll',b'GetVersionExA'
cerber.sample,b'KERNEL32.dll',b'GetVolumeInformationW'
cerber.sample,b'KERNEL32.dll',b'GetWindowsDirectoryW'
cerber.sample,b'KERNEL32.dll',b'Heap32ListFirst'
cerber.sample,b'KERNEL32.dll',b'HeapAlloc'
cerber.sample,b'KERNEL32.dll',b'HeapFree'
cerber.sample,b'KERNEL32.dll',b'HeapReAlloc'
cerber.sample,b'KERNEL32.dll',b'HeapSize'
cerber.sample,b'KERNEL32.dll',b'InitializeCriticalSection'
cerber.sample,b'KERNEL32.dll',b'InterlockedDecrement'
cerber.sample,b'KERNEL32.dll',b'InterlockedIncrement'
cerber.sample,b'KERNEL32.dll',b'IsSystemResumeAutomatic'
cerber.sample,b'KERNEL32.dll',b'LeaveCriticalSection'
cerber.sample,b'KERNEL32.dll',b'LoadLibraryA'
cerber.sample,b'KERNEL32.dll',b'LoadLibraryW'
cerber.sample,b'KERNEL32.dll',b'LocalFree'
cerber.sample,b'KERNEL32.dll',b'MoveFileExA'
cerber.sample,b'KERNEL32.dll',b'MoveFileExW'
cerber.sample,b'KERNEL32.dll',b'MoveFileW'
cerber.sample,b'KERNEL32.dll',b'MultiByteToWideChar'
cerber.sample,b'KERNEL32.dll',b'GetEnvironmentVariableW'
cerber.sample,b'KERNEL32.dll',b'QueryPerformanceCounter'
cerber.sample,b'KERNEL32.dll',b'QueueUserAPC'
cerber.sample,b'KERNEL32.dll',b'RaiseException'
cerber.sample,b'KERNEL32.dll',b'ReadConsoleW'
cerber.sample,b'KERNEL32.dll',b'ReadFile'
cerber.sample,b'KERNEL32.dll',b'ReadProcessMemory'
cerber.sample,b'KERNEL32.dll',b'RemoveDirectoryW'
cerber.sample,b'KERNEL32.dll',b'ScrollConsoleScreenBufferW'
cerber.sample,b'KERNEL32.dll',b'SearchPathW'
cerber.sample,b'KERNEL32.dll',b'SetConsoleCtrlHandler'
cerber.sample,b'KERNEL32.dll',b'SetConsoleCursorPosition'
cerber.sample,b'KERNEL32.dll',b'SetConsoleMode'
cerber.sample,b'KERNEL32.dll',b'SetConsoleTextAttribute'
cerber.sample,b'KERNEL32.dll',b'SetConsoleTitleW'
cerber.sample,b'KERNEL32.dll',b'SetCurrentDirectoryW'
cerber.sample,b'KERNEL32.dll',b'SetEnvironmentVariableW'
cerber.sample,b'KERNEL32.dll',b'SetErrorMode'
cerber.sample,b'KERNEL32.dll',b'SetFileAttributesW'
cerber.sample,b'KERNEL32.dll',b'SetFilePointer'
cerber.sample,b'KERNEL32.dll',b'SetFileTime'
cerber.sample,b'KERNEL32.dll',b'SetLastError'
cerber.sample,b'KERNEL32.dll',b'SetLocalTime'
cerber.sample,b'KERNEL32.dll',b'SetSystemTime'
cerber.sample,b'KERNEL32.dll',b'SetThreadLocale'
cerber.sample,b'KERNEL32.dll',b'SetUnhandledExceptionFilter'
cerber.sample,b'KERNEL32.dll',b'SetVolumeLabelA'
cerber.sample,b'KERNEL32.dll',b'SleepEx'
cerber.sample,b'KERNEL32.dll',b'SwitchToThread'
cerber.sample,b'KERNEL32.dll',b'SystemTimeToFileTime'
cerber.sample,b'KERNEL32.dll',b'TerminateProcess'
cerber.sample,b'KERNEL32.dll',b'TransmitCommChar'
cerber.sample,b'KERNEL32.dll',b'UnhandledExceptionFilter'
cerber.sample,b'KERNEL32.dll',b'VirtualAlloc'
cerber.sample,b'KERNEL32.dll',b'VirtualFree'
cerber.sample,b'KERNEL32.dll',b'VirtualFreeEx'
cerber.sample,b'KERNEL32.dll',b'VirtualQuery'
cerber.sample,b'KERNEL32.dll',b'WaitForSingleObject'
cerber.sample,b'KERNEL32.dll',b'WideCharToMultiByte'
cerber.sample,b'KERNEL32.dll',b'WriteConsoleW'
cerber.sample,b'KERNEL32.dll',b'WriteFile'
cerber.sample,b'KERNEL32.dll',b'WritePrivateProfileSectionA'
cerber.sample,b'KERNEL32.dll',b'_hwrite'
cerber.sample,b'KERNEL32.dll',b'lstrcmpW'
cerber.sample,b'KERNEL32.dll',b'lstrcmpiW'
cerber.sample,b'KERNEL32.dll',b'lstrcpyW'
cerber.sample,b'KERNEL32.dll',b'lstrlenW'
cerber.sample,b'KERNEL32.dll',b'GetEnvironmentStringsW'
cerber.sample,b'KERNEL32.dll',b'GetDriveTypeW'
cerber.sample,b'KERNEL32.dll',b'GetDiskFreeSpaceExW'
cerber.sample,b'KERNEL32.dll',b'GetDateFormatW'
cerber.sample,b'KERNEL32.dll',b'GetCurrentThreadId'
cerber.sample,b'KERNEL32.dll',b'GetCurrentThread'
cerber.sample,b'KERNEL32.dll',b'GetCurrentProcessId'
cerber.sample,b'KERNEL32.dll',b'GetCurrentProcess'
cerber.sample,b'KERNEL32.dll',b'GetCurrentDirectoryW'
cerber.sample,b'KERNEL32.dll',b'GetConsoleTitleW'
cerber.sample,b'KERNEL32.dll',b'GetConsoleScreenBufferInfo'
cerber.sample,b'KERNEL32.dll',b'GetConsoleOutputCP'
cerber.sample,b'KERNEL32.dll',b'GetConsoleMode'
cerber.sample,b'KERNEL32.dll',b'GetCompressedFileSizeW'
cerber.sample,b'KERNEL32.dll',b'GetCommandLineW'
cerber.sample,b'KERNEL32.dll',b'GetCPInfo'
cerber.sample,b'KERNEL32.dll',b'GetBinaryTypeW'
cerber.sample,b'KERNEL32.dll',b'GetBinaryType'
cerber.sample,b'KERNEL32.dll',b'FreeLibrary'
cerber.sample,b'KERNEL32.dll',b'FormatMessageW'
cerber.sample,b'KERNEL32.dll',b'FlushFileBuffers'
cerber.sample,b'KERNEL32.dll',b'FlushConsoleInputBuffer'
cerber.sample,b'KERNEL32.dll',b'FindNextFileW'
cerber.sample,b'KERNEL32.dll',b'FindNextFileA'
cerber.sample,b'KERNEL32.dll',b'FindFirstFileW'
cerber.sample,b'KERNEL32.dll',b'FindFirstFileA'
cerber.sample,b'KERNEL32.dll',b'FindClose'
cerber.sample,b'KERNEL32.dll',b'FillConsoleOutputCharacterW'
cerber.sample,b'KERNEL32.dll',b'FillConsoleOutputAttribute'
cerber.sample,b'KERNEL32.dll',b'FileTimeToSystemTime'
cerber.sample,b'KERNEL32.dll',b'FileTimeToLocalFileTime'
cerber.sample,b'KERNEL32.dll',b'ExpandEnvironmentStringsW'
cerber.sample,b'KERNEL32.dll',b'EraseTape'
cerber.sample,b'KERNEL32.dll',b'EnterCriticalSection'
cerber.sample,b'KERNEL32.dll',b'DuplicateHandle'
cerber.sample,b'KERNEL32.dll',b'DeleteFileW'
cerber.sample,b'KERNEL32.dll',b'DeleteFileA'
cerber.sample,b'KERNEL32.dll',b'CreateThread'
cerber.sample,b'KERNEL32.dll',b'CreateProcessW'
cerber.sample,b'KERNEL32.dll',b'CreateFileW'
cerber.sample,b'KERNEL32.dll',b'CreateFileA'
cerber.sample,b'KERNEL32.dll',b'CreateDirectoryW'
cerber.sample,b'KERNEL32.dll',b'CopyFileW'
cerber.sample,b'KERNEL32.dll',b'CopyFileA'
cerber.sample,b'KERNEL32.dll',b'ConvertDefaultLocale'
cerber.sample,b'KERNEL32.dll',b'CompareFileTime'
cerber.sample,b'KERNEL32.dll',b'CloseHandle'
cerber.sample,b'KERNEL32.dll',b'OpenProcess'
cerber.sample,b'KERNEL32.dll',b'AddAtomW'
cerber.sample,b'USER32.dll',b'DefWindowProcW'
cerber.sample,b'USER32.dll',b'DrawFocusRect'
cerber.sample,b'USER32.dll',b'CreateWindowStationA'
cerber.sample,b'USER32.dll',b'CreateMenu'
cerber.sample,b'USER32.dll',b'FillRect'
cerber.sample,b'USER32.dll',b'FindWindowW'
cerber.sample,b'USER32.dll',b'GetMenuCheckMarkDimensions'
cerber.sample,b'USER32.dll',b'GetProcessWindowStation'
cerber.sample,b'USER32.dll',b'GetSysColorBrush'
cerber.sample,b'USER32.dll',b'GetThreadDesktop'
cerber.sample,b'USER32.dll',b'GetUpdateRgn'
cerber.sample,b'USER32.dll',b'GetUserObjectInformationW'
cerber.sample,b'USER32.dll',b'InflateRect'
cerber.sample,b'USER32.dll',b'InsertMenuItemW'
cerber.sample,b'USER32.dll',b'IsIconic'
cerber.sample,b'USER32.dll',b'LockWindowUpdate'
cerber.sample,b'USER32.dll',b'MessageBeep'
cerber.sample,b'USER32.dll',b'MessageBoxW'
cerber.sample,b'USER32.dll',b'MonitorFromWindow'
cerber.sample,b'USER32.dll',b'OffsetRect'
cerber.sample,b'USER32.dll',b'PostMessageW'
cerber.sample,b'USER32.dll',b'RealGetWindowClass'
cerber.sample,b'USER32.dll',b'SendMessageW'
cerber.sample,b'USER32.dll',b'SetUserObjectInformationW'
cerber.sample,b'USER32.dll',b'ShowWindow'
cerber.sample,b'USER32.dll',b'ToUnicode'
cerber.sample,b'USER32.dll',b'WinHelpA'
cerber.sample,b'USER32.dll',b'LoadCursorW'
cerber.sample,b'USER32.dll',b'GetKBCodePage'
cerber.sample,b'USER32.dll',b'DefMDIChildProcW'
cerber.sample,b'USER32.dll',b'CloseWindowStation'
cerber.sample,b'GDI32.dll',b'StartPage'
cerber.sample,b'GDI32.dll',b'SetMiterLimit'
cerber.sample,b'GDI32.dll',b'SetMapperFlags'
cerber.sample,b'GDI32.dll',b'SetBitmapBits'
cerber.sample,b'GDI32.dll',b'PtVisible'
cerber.sample,b'GDI32.dll',b'OffsetClipRgn'
cerber.sample,b'GDI32.dll',b'GetViewportOrgEx'
cerber.sample,b'GDI32.dll',b'GetTextFaceW'
cerber.sample,b'GDI32.dll',b'AddFontMemResourceEx'
cerber.sample,b'GDI32.dll',b'AnimatePalette'
cerber.sample,b'GDI32.dll',b'Arc'
cerber.sample,b'GDI32.dll',b'BRUSHOBJ_pvAllocRbrush'
cerber.sample,b'GDI32.dll',b'ColorMatchToTarget'
cerber.sample,b'GDI32.dll',b'CopyEnhMetaFileA'
cerber.sample,b'GDI32.dll',b'CreatePatternBrush'
cerber.sample,b'GDI32.dll',b'DescribePixelFormat'
cerber.sample,b'GDI32.dll',b'EngFreeModule'
cerber.sample,b'GDI32.dll',b'EngTextOut'
cerber.sample,b'GDI32.dll',b'EnumFontsW'
cerber.sample,b'GDI32.dll',b'FillRgn'
cerber.sample,b'GDI32.dll',b'GdiGetPageCount'
cerber.sample,b'GDI32.dll',b'GetGlyphOutlineW'
cerber.sample,b'GDI32.dll',b'GetMiterLimit'
cerber.sample,b'GDI32.dll',b'GetOutlineTextMetricsA'
cerber.sample,b'ADVAPI32.dll',b'RegOpenKeyW'
cerber.sample,b'ADVAPI32.dll',b'SaferRecordEventLogEntry'
cerber.sample,b'ADVAPI32.dll',b'SaferIdentifyLevel'
cerber.sample,b'ADVAPI32.dll',b'SaferComputeTokenFromLevel'
cerber.sample,b'ADVAPI32.dll',b'SaferCloseLevel'
cerber.sample,b'ADVAPI32.dll',b'RevertToSelf'
cerber.sample,b'ADVAPI32.dll',b'RegSetValueW'
cerber.sample,b'ADVAPI32.dll',b'RegSetValueExW'
cerber.sample,b'ADVAPI32.dll',b'RegQueryValueW'
cerber.sample,b'ADVAPI32.dll',b'RegQueryValueExW'
cerber.sample,b'ADVAPI32.dll',b'CreateProcessAsUserW'
cerber.sample,b'ADVAPI32.dll',b'RegOpenKeyExW'
cerber.sample,b'ADVAPI32.dll',b'RegEnumKeyW'
cerber.sample,b'ADVAPI32.dll',b'RegDeleteKeyW'
cerber.sample,b'ADVAPI32.dll',b'RegCreateKeyExW'
cerber.sample,b'ADVAPI32.dll',b'RegCloseKey'
cerber.sample,b'ADVAPI32.dll',b'LookupAccountSidW'
cerber.sample,b'ADVAPI32.dll',b'ImpersonateLoggedOnUser'
cerber.sample,b'ADVAPI32.dll',b'GetSecurityDescriptorOwner'
cerber.sample,b'ADVAPI32.dll',b'GetFileSecurityW'
cerber.sample,b'ADVAPI32.dll',b'FreeSid'
cerber.sample,b'SHELL32.dll',b'ShellExecuteExW'
cerber.sample,b'SHELL32.dll',b'ShellExecuteA'
cerber.sample,b'SHELL32.dll',b'ShellAboutA'
cerber.sample,b'SHELL32.dll',b'SHIsFileAvailableOffline'
cerber.sample,b'SHELL32.dll',b'SHGetSettings'
cerber.sample,b'SHELL32.dll',b'CheckEscapesW'
cerber.sample,b'SHELL32.dll',b'DragQueryFile'
cerber.sample,b'SHELL32.dll',b'DragQueryFileAorW'
cerber.sample,b'SHELL32.dll',b'ExtractIconExW'
cerber.sample,b'SHELL32.dll',b'SHAppBarMessage'
cerber.sample,b'SHELL32.dll',b'SHBrowseForFolderA'
cerber.sample,b'SHELL32.dll',b'SHChangeNotify'
cerber.sample,b'SHELL32.dll',b'SHCreateProcessAsUserW'
cerber.sample,b'SHELL32.dll',b'SHEmptyRecycleBinA'
cerber.sample,b'SHELL32.dll',b'SHFileOperationA'
cerber.sample,b'SHELL32.dll',b'SHGetDataFromIDListA'
cerber.sample,b'SHELL32.dll',b'SHGetDiskFreeSpaceA'
cerber.sample,b'SHELL32.dll',b'SHGetMalloc'
cerber.sample,b'SHELL32.dll',b'WOWShellExecute'
cerber.sample,b'SHLWAPI.dll',b'StrCmpNW'
cerber.sample,b'SHLWAPI.dll',b'StrStrIA'
cerber.sample,b'SHLWAPI.dll',b'StrStrIW'
cerber.sample,b'SHLWAPI.dll',b'StrCmpNA'
cerber.sample,b'SHLWAPI.dll',b'StrChrIA'
cerber.sample,b'COMCTL32.dll',b'ImageList_Create'
cerber.sample,b'msvcrt.dll',b'_XcptFilter'
cerber.sample,b'msvcrt.dll',b'__getmainargs'
cerber.sample,b'msvcrt.dll',b'__initenv'
cerber.sample,b'msvcrt.dll',b'__p__commode'
cerber.sample,b'msvcrt.dll',b'__p__fmode'
cerber.sample,b'msvcrt.dll',b'__set_app_type'
cerber.sample,b'msvcrt.dll',b'__setusermatherr'
cerber.sample,b'msvcrt.dll',b'_adjust_fdiv'
cerber.sample,b'msvcrt.dll',b'_c_exit'
cerber.sample,b'msvcrt.dll',b'_cexit'
cerber.sample,b'msvcrt.dll',b'_close'
cerber.sample,b'msvcrt.dll',b'_controlfp'
cerber.sample,b'msvcrt.dll',b'_dup'
cerber.sample,b'msvcrt.dll',b'_dup2'
cerber.sample,b'msvcrt.dll',b'_errno'
cerber.sample,b'msvcrt.dll',b'_except_handler3'
cerber.sample,b'msvcrt.dll',b'_exit'
cerber.sample,b'msvcrt.dll',b'_get_osfhandle'
cerber.sample,b'msvcrt.dll',b'_getch'
cerber.sample,b'msvcrt.dll',b'_initterm'
cerber.sample,b'msvcrt.dll',b'_iob'
cerber.sample,b'msvcrt.dll',b'_open_osfhandle'
cerber.sample,b'msvcrt.dll',b'_pclose'
cerber.sample,b'msvcrt.dll',b'_pipe'
cerber.sample,b'msvcrt.dll',b'_seh_longjmp_unwind'
cerber.sample,b'msvcrt.dll',b'_setjmp3'
cerber.sample,b'msvcrt.dll',b'_setmode'
cerber.sample,b'msvcrt.dll',b'_snwprintf'
cerber.sample,b'msvcrt.dll',b'_tell'
cerber.sample,b'msvcrt.dll',b'_ultoa'
cerber.sample,b'msvcrt.dll',b'_vsnwprintf'
cerber.sample,b'msvcrt.dll',b'_wcsicmp'
cerber.sample,b'msvcrt.dll',b'_wcslwr'
cerber.sample,b'msvcrt.dll',b'_wcsnicmp'
cerber.sample,b'msvcrt.dll',b'_wcsupr'
cerber.sample,b'msvcrt.dll',b'_wpopen'
cerber.sample,b'msvcrt.dll',b'_wtol'
cerber.sample,b'msvcrt.dll',b'calloc'
cerber.sample,b'msvcrt.dll',b'exit'
cerber.sample,b'msvcrt.dll',b'fflush'
cerber.sample,b'msvcrt.dll',b'fgets'
cerber.sample,b'msvcrt.dll',b'fprintf'
cerber.sample,b'msvcrt.dll',b'free'
cerber.sample,b'msvcrt.dll',b'iswalpha'
cerber.sample,b'msvcrt.dll',b'iswdigit'
cerber.sample,b'msvcrt.dll',b'iswspace'
cerber.sample,b'msvcrt.dll',b'iswxdigit'
cerber.sample,b'msvcrt.dll',b'longjmp'
cerber.sample,b'msvcrt.dll',b'malloc'
cerber.sample,b'msvcrt.dll',b'memmove'
cerber.sample,b'msvcrt.dll',b'printf'
cerber.sample,b'msvcrt.dll',b'qsort'
cerber.sample,b'msvcrt.dll',b'rand'
cerber.sample,b'msvcrt.dll',b'realloc'
cerber.sample,b'msvcrt.dll',b'setlocale'
cerber.sample,b'msvcrt.dll',b'srand'
cerber.sample,b'msvcrt.dll',b'swprintf'
cerber.sample,b'msvcrt.dll',b'swscanf'
cerber.sample,b'msvcrt.dll',b'time'
cerber.sample,b'msvcrt.dll',b'towlower'
cerber.sample,b'msvcrt.dll',b'towupper'
cerber.sample,b'msvcrt.dll',b'wcscat'
cerber.sample,b'msvcrt.dll',b'wcschr'
cerber.sample,b'msvcrt.dll',b'wcscmp'
cerber.sample,b'msvcrt.dll',b'wcscpy'
cerber.sample,b'msvcrt.dll',b'wcslen'
cerber.sample,b'msvcrt.dll',b'wcsncmp'
cerber.sample,b'msvcrt.dll',b'wcsncpy'
cerber.sample,b'msvcrt.dll',b'wcsrchr'
cerber.sample,b'msvcrt.dll',b'wcsspn'
cerber.sample,b'msvcrt.dll',b'wcsstr'
cerber.sample,b'msvcrt.dll',b'wcstol'
cerber.sample,b'msvcrt.dll',b'wcstoul'
cryptowall.sample,b'USER32.dll',b'EnableMenuItem'
cryptowall.sample,b'USER32.dll',b'GetDlgItem'
cryptowall.sample,b'USER32.dll',b'SendDlgItemMessageA'
cryptowall.sample,b'USER32.dll',b'AppendMenuA'
cryptowall.sample,b'USER32.dll',b'GetWindowLongA'
cryptowall.sample,b'USER32.dll',b'wvsprintfA'
cryptowall.sample,b'USER32.dll',b'SetWindowPos'
cryptowall.sample,b'USER32.dll',b'FindWindowA'
cryptowall.sample,b'USER32.dll',b'RedrawWindow'
cryptowall.sample,b'USER32.dll',b'GetWindowTextA'
cryptowall.sample,b'USER32.dll',b'EnableWindow'
cryptowall.sample,b'USER32.dll',b'GetSystemMetrics'
cryptowall.sample,b'USER32.dll',b'IsWindow'
cryptowall.sample,b'USER32.dll',b'CheckRadioButton'
cryptowall.sample,b'USER32.dll',b'UnregisterClassA'
cryptowall.sample,b'USER32.dll',b'SetCursor'
cryptowall.sample,b'USER32.dll',b'GetSysColorBrush'
cryptowall.sample,b'USER32.dll',b'DialogBoxParamA'
cryptowall.sample,b'USER32.dll',b'DestroyAcceleratorTable'
cryptowall.sample,b'USER32.dll',b'DispatchMessageA'
cryptowall.sample,b'USER32.dll',b'TranslateMessage'
cryptowall.sample,b'USER32.dll',b'LoadIconA'
cryptowall.sample,b'USER32.dll',b'EmptyClipboard'
cryptowall.sample,b'USER32.dll',b'SetClipboardData'
cryptowall.sample,b'USER32.dll',b'SetFocus'
cryptowall.sample,b'USER32.dll',b'CharUpperA'
cryptowall.sample,b'USER32.dll',b'OpenClipboard'
cryptowall.sample,b'USER32.dll',b'IsDialogMessageA'
cryptowall.sample,b'USER32.dll',b'TranslateAcceleratorA'
cryptowall.sample,b'USER32.dll',b'GetMessageA'
cryptowall.sample,b'USER32.dll',b'LoadAcceleratorsA'
cryptowall.sample,b'USER32.dll',b'RemoveMenu'
cryptowall.sample,b'USER32.dll',b'InvalidateRect'
cryptowall.sample,b'USER32.dll',b'ChildWindowFromPoint'
cryptowall.sample,b'USER32.dll',b'PostMessageA'
cryptowall.sample,b'USER32.dll',b'DestroyCursor'
cryptowall.sample,b'USER32.dll',b'CreateDialogParamA'
cryptowall.sample,b'USER32.dll',b'GetWindowRect'
cryptowall.sample,b'USER32.dll',b'IsMenu'
cryptowall.sample,b'USER32.dll',b'GetSubMenu'
cryptowall.sample,b'USER32.dll',b'SetDlgItemInt'
cryptowall.sample,b'USER32.dll',b'GetWindowPlacement'
cryptowall.sample,b'USER32.dll',b'CharLowerBuffA'
cryptowall.sample,b'USER32.dll',b'LoadCursorA'
cryptowall.sample,b'USER32.dll',b'CheckMenuRadioItem'
cryptowall.sample,b'USER32.dll',b'GetSysColor'
cryptowall.sample,b'USER32.dll',b'KillTimer'
cryptowall.sample,b'USER32.dll',b'DestroyIcon'
cryptowall.sample,b'USER32.dll',b'DestroyWindow'
cryptowall.sample,b'USER32.dll',b'PostQuitMessage'
cryptowall.sample,b'USER32.dll',b'GetClientRect'
cryptowall.sample,b'USER32.dll',b'MoveWindow'
cryptowall.sample,b'USER32.dll',b'GetSystemMenu'
cryptowall.sample,b'USER32.dll',b'SetTimer'
cryptowall.sample,b'USER32.dll',b'SetWindowPlacement'
cryptowall.sample,b'USER32.dll',b'InsertMenuItemA'
cryptowall.sample,b'USER32.dll',b'GetMenu'
cryptowall.sample,b'USER32.dll',b'CheckMenuItem'
cryptowall.sample,b'USER32.dll',b'SetMenuItemInfoA'
cryptowall.sample,b'USER32.dll',b'SetActiveWindow'
cryptowall.sample,b'USER32.dll',b'DefDlgProcA'
cryptowall.sample,b'USER32.dll',b'RegisterClassA'
cryptowall.sample,b'USER32.dll',b'EndDialog'
cryptowall.sample,b'USER32.dll',b'SetDlgItemTextA'
cryptowall.sample,b'USER32.dll',b'EnumClipboardFormats'
cryptowall.sample,b'USER32.dll',b'GetClipboardData'
cryptowall.sample,b'USER32.dll',b'CloseClipboard'
cryptowall.sample,b'USER32.dll',b'GetClassInfoA'
cryptowall.sample,b'USER32.dll',b'CallWindowProcA'
cryptowall.sample,b'USER32.dll',b'SetWindowLongA'
cryptowall.sample,b'USER32.dll',b'IsDlgButtonChecked'
cryptowall.sample,b'USER32.dll',b'SetWindowTextA'
cryptowall.sample,b'USER32.dll',b'CheckDlgButton'
cryptowall.sample,b'USER32.dll',b'GetActiveWindow'
cryptowall.sample,b'USER32.dll',b'MessageBoxA'
cryptowall.sample,b'USER32.dll',b'wsprintfA'
cryptowall.sample,b'USER32.dll',b'GetDlgItemTextA'
cryptowall.sample,b'USER32.dll',b'SendMessageA'
cryptowall.sample,b'USER32.dll',b'GetCursorPos'
cryptowall.sample,b'USER32.dll',b'TrackPopupMenu'
cryptowall.sample,b'USER32.dll',b'ClientToScreen'
cryptowall.sample,b'USER32.dll',b'DestroyMenu'
cryptowall.sample,b'USER32.dll',b'CreatePopupMenu'
cryptowall.sample,b'COMDLG32.dll',b'GetSaveFileNameA'
cryptowall.sample,b'COMDLG32.dll',b'GetOpenFileNameA'
cryptowall.sample,b'ADVAPI32.dll',b'RegSetValueA'
cryptowall.sample,b'ADVAPI32.dll',b'RegQueryValueExA'
cryptowall.sample,b'ADVAPI32.dll',b'OpenProcessToken'
cryptowall.sample,b'ADVAPI32.dll',b'LookupPrivilegeValueA'
cryptowall.sample,b'ADVAPI32.dll',b'AdjustTokenPrivileges'
cryptowall.sample,b'ADVAPI32.dll',b'RegOpenKeyExA'
cryptowall.sample,b'ADVAPI32.dll',b'RegCloseKey'
cryptowall.sample,b'ADVAPI32.dll',b'RegCreateKeyA'
cryptowall.sample,b'ADVAPI32.dll',b'RegDeleteKeyA'
cryptowall.sample,b'ADVAPI32.dll',b'GetUserNameA'
cryptowall.sample,b'dbghelp.dll',b'ImageNtHeader'
cryptowall.sample,b'dbghelp.dll',b'ImageRvaToSection'
cryptowall.sample,b'dbghelp.dll',b'ImageRvaToVa'
cryptowall.sample,b'COMCTL32.dll',b'ImageList_Destroy'
cryptowall.sample,b'COMCTL32.dll',b'InitCommonControlsEx'
cryptowall.sample,b'COMCTL32.dll',b'ImageList_ReplaceIcon'
cryptowall.sample,b'COMCTL32.dll',b'ImageList_Remove'
cryptowall.sample,b'COMCTL32.dll',b'CreateToolbarEx'
cryptowall.sample,b'COMCTL32.dll',b'ImageList_SetBkColor'
cryptowall.sample,b'COMCTL32.dll',b'ImageList_Create'
cryptowall.sample,b'KERNEL32.dll',b'IsValidCodePage'
cryptowall.sample,b'KERNEL32.dll',b'GetOEMCP'
cryptowall.sample,b'KERNEL32.dll',b'GetACP'
cryptowall.sample,b'KERNEL32.dll',b'GetCPInfo'
cryptowall.sample,b'KERNEL32.dll',b'GetSystemTimeAsFileTime'
cryptowall.sample,b'KERNEL32.dll',b'GetCurrentProcessId'
cryptowall.sample,b'KERNEL32.dll',b'GetTickCount'
cryptowall.sample,b'KERNEL32.dll',b'QueryPerformanceCounter'
cryptowall.sample,b'KERNEL32.dll',b'HeapFree'
cryptowall.sample,b'KERNEL32.dll',b'VirtualFree'
cryptowall.sample,b'KERNEL32.dll',b'HeapCreate'
cryptowall.sample,b'KERNEL32.dll',b'GetFileType'
cryptowall.sample,b'KERNEL32.dll',b'SetHandleCount'
cryptowall.sample,b'KERNEL32.dll',b'GetEnvironmentStringsW'
cryptowall.sample,b'KERNEL32.dll',b'WideCharToMultiByte'
cryptowall.sample,b'KERNEL32.dll',b'FreeEnvironmentStringsW'
cryptowall.sample,b'KERNEL32.dll',b'GetEnvironmentStrings'
cryptowall.sample,b'KERNEL32.dll',b'FreeEnvironmentStringsA'
cryptowall.sample,b'KERNEL32.dll',b'InitializeCriticalSectionAndSpinCount'
cryptowall.sample,b'KERNEL32.dll',b'LoadLibraryA'
cryptowall.sample,b'KERNEL32.dll',b'IsDebuggerPresent'
cryptowall.sample,b'KERNEL32.dll',b'SetUnhandledExceptionFilter'
cryptowall.sample,b'KERNEL32.dll',b'UnhandledExceptionFilter'
cryptowall.sample,b'KERNEL32.dll',b'GetCurrentProcess'
cryptowall.sample,b'KERNEL32.dll',b'TerminateProcess'
cryptowall.sample,b'KERNEL32.dll',b'EnterCriticalSection'
cryptowall.sample,b'KERNEL32.dll',b'HeapSize'
cryptowall.sample,b'KERNEL32.dll',b'LeaveCriticalSection'
cryptowall.sample,b'KERNEL32.dll',b'DeleteCriticalSection'
cryptowall.sample,b'KERNEL32.dll',b'GetLocaleInfoA'
cryptowall.sample,b'KERNEL32.dll',b'WriteFile'
cryptowall.sample,b'KERNEL32.dll',b'InterlockedDecrement'
cryptowall.sample,b'KERNEL32.dll',b'GetLastError'
cryptowall.sample,b'KERNEL32.dll',b'GetCurrentThreadId'
cryptowall.sample,b'KERNEL32.dll',b'SetLastError'
cryptowall.sample,b'KERNEL32.dll',b'InterlockedIncrement'
cryptowall.sample,b'KERNEL32.dll',b'TlsFree'
cryptowall.sample,b'KERNEL32.dll',b'TlsSetValue'
cryptowall.sample,b'KERNEL32.dll',b'TlsAlloc'
cryptowall.sample,b'KERNEL32.dll',b'TlsGetValue'
cryptowall.sample,b'KERNEL32.dll',b'GetStartupInfoA'
cryptowall.sample,b'KERNEL32.dll',b'ExitProcess'
cryptowall.sample,b'KERNEL32.dll',b'GetProcAddress'
cryptowall.sample,b'KERNEL32.dll',b'Sleep'
cryptowall.sample,b'KERNEL32.dll',b'GetModuleHandleW'
cryptowall.sample,b'KERNEL32.dll',b'GlobalCompact'
cryptowall.sample,b'KERNEL32.dll',b'SetProcessWorkingSetSize'
cryptowall.sample,b'KERNEL32.dll',b'EncodePointer'
cryptowall.sample,b'KERNEL32.dll',b'OpenProcess'
cryptowall.sample,b'KERNEL32.dll',b'GlobalUnWire'
cryptowall.sample,b'KERNEL32.dll',b'GetStdHandle'
cryptowall.sample,b'KERNEL32.dll',b'IsWow64Process'
cryptowall.sample,b'KERNEL32.dll',b'GetProcessHandleCount'
cryptowall.sample,b'KERNEL32.dll',b'GetProcessHeap'
cryptowall.sample,b'KERNEL32.dll',b'FlushFileBuffers'
cryptowall.sample,b'KERNEL32.dll',b'PulseEvent'
cryptowall.sample,b'KERNEL32.dll',b'GetVersion'
cryptowall.sample,b'KERNEL32.dll',b'RtlUnwind'
cryptowall.sample,b'KERNEL32.dll',b'HeapAlloc'
cryptowall.sample,b'KERNEL32.dll',b'VirtualAlloc'
cryptowall.sample,b'KERNEL32.dll',b'HeapReAlloc'
cryptowall.sample,b'KERNEL32.dll',b'GetStringTypeA'
cryptowall.sample,b'KERNEL32.dll',b'MultiByteToWideChar'
cryptowall.sample,b'KERNEL32.dll',b'GetStringTypeW'
cryptowall.sample,b'KERNEL32.dll',b'GetCommandLineA'
cryptowall.sample,b'KERNEL32.dll',b'GetProcessId'
cryptowall.sample,b'KERNEL32.dll',b'LockResource'
cryptowall.sample,b'KERNEL32.dll',b'GlobalDeleteAtom'
cryptowall.sample,b'KERNEL32.dll',b'LCMapStringA'
cryptowall.sample,b'KERNEL32.dll',b'LCMapStringW'
cryptowall.sample,b'KERNEL32.dll',b'GetModuleFileNameA'
cryptowall.sample,b'KERNEL32.dll',b'SetProcessPriorityBoost'
cryptowall.sample,b'KERNEL32.dll',b'GlobalUnfix'
cryptowall.sample,b'KERNEL32.dll',b'RequestWakeupLatency'
cryptowall.sample,b'KERNEL32.dll',b'IsProcessInJob'
cryptowall.sample,b'KERNEL32.dll',b'GetThreadTimes'
cryptowall.sample,b'KERNEL32.dll',b'GetProcessTimes'
cryptowall.sample,b'KERNEL32.dll',b'PeekNamedPipe'
Crysis.sample,b'KERNEL32.dll',b'GetProcAddress'
Crysis.sample,b'KERNEL32.dll',b'LoadLibraryA'
Crysis.sample,b'KERNEL32.dll',b'WaitForSingleObject'
Crysis.sample,b'KERNEL32.dll',b'InitializeCriticalSectionAndSpinCount'
Crysis.sample,b'KERNEL32.dll',b'LeaveCriticalSection'
Crysis.sample,b'KERNEL32.dll',b'GetLastError'
Crysis.sample,b'KERNEL32.dll',b'EnterCriticalSection'
Crysis.sample,b'KERNEL32.dll',b'ReleaseMutex'
Crysis.sample,b'KERNEL32.dll',b'CloseHandle'
Dharma.sample,b'KERNEL32.dll',b'Sleep'
Dharma.sample,b'KERNEL32.dll',b'GetLastError'
Dharma.sample,b'KERNEL32.dll',b'SetConsoleWindowInfo'
Dharma.sample,b'KERNEL32.dll',b'InitializeCriticalSection'
Dharma.sample,b'KERNEL32.dll',b'RtlUnwind'
Dharma.sample,b'KERNEL32.dll',b'RaiseException'
Dharma.sample,b'KERNEL32.dll',b'TerminateProcess'
Dharma.sample,b'KERNEL32.dll',b'GetCurrentProcess'
Dharma.sample,b'KERNEL32.dll',b'UnhandledExceptionFilter'
Dharma.sample,b'KERNEL32.dll',b'SetUnhandledExceptionFilter'
Dharma.sample,b'KERNEL32.dll',b'IsDebuggerPresent'
Dharma.sample,b'KERNEL32.dll',b'GetCommandLineA'
Dharma.sample,b'KERNEL32.dll',b'GetStartupInfoA'
Dharma.sample,b'KERNEL32.dll',b'GetModuleHandleW'
Dharma.sample,b'KERNEL32.dll',b'GetProcAddress'
Dharma.sample,b'KERNEL32.dll',b'TlsGetValue'
Dharma.sample,b'KERNEL32.dll',b'TlsAlloc'
Dharma.sample,b'KERNEL32.dll',b'TlsSetValue'
Dharma.sample,b'KERNEL32.dll',b'TlsFree'
Dharma.sample,b'KERNEL32.dll',b'InterlockedIncrement'
Dharma.sample,b'KERNEL32.dll',b'SetLastError'
Dharma.sample,b'KERNEL32.dll',b'GetCurrentThreadId'
Dharma.sample,b'KERNEL32.dll',b'InterlockedDecrement'
Dharma.sample,b'KERNEL32.dll',b'HeapAlloc'
Dharma.sample,b'KERNEL32.dll',b'HeapFree'
Dharma.sample,b'KERNEL32.dll',b'GetModuleHandleA'
Dharma.sample,b'KERNEL32.dll',b'ExitProcess'
Dharma.sample,b'KERNEL32.dll',b'WriteFile'
Dharma.sample,b'KERNEL32.dll',b'GetStdHandle'
Dharma.sample,b'KERNEL32.dll',b'GetModuleFileNameA'
Dharma.sample,b'KERNEL32.dll',b'FreeEnvironmentStringsA'
Dharma.sample,b'KERNEL32.dll',b'GetEnvironmentStrings'
Dharma.sample,b'KERNEL32.dll',b'FreeEnvironmentStringsW'
Dharma.sample,b'KERNEL32.dll',b'WideCharToMultiByte'
Dharma.sample,b'KERNEL32.dll',b'GetEnvironmentStringsW'
Dharma.sample,b'KERNEL32.dll',b'SetHandleCount'
Dharma.sample,b'KERNEL32.dll',b'GetFileType'
Dharma.sample,b'KERNEL32.dll',b'DeleteCriticalSection'
Dharma.sample,b'KERNEL32.dll',b'HeapCreate'
Dharma.sample,b'KERNEL32.dll',b'VirtualFree'
Dharma.sample,b'KERNEL32.dll',b'QueryPerformanceCounter'
Dharma.sample,b'KERNEL32.dll',b'GetTickCount'
Dharma.sample,b'KERNEL32.dll',b'GetCurrentProcessId'
Dharma.sample,b'KERNEL32.dll',b'GetSystemTimeAsFileTime'
Dharma.sample,b'KERNEL32.dll',b'LeaveCriticalSection'
Dharma.sample,b'KERNEL32.dll',b'EnterCriticalSection'
Dharma.sample,b'KERNEL32.dll',b'GetCPInfo'
Dharma.sample,b'KERNEL32.dll',b'GetACP'
Dharma.sample,b'KERNEL32.dll',b'GetOEMCP'
Dharma.sample,b'KERNEL32.dll',b'IsValidCodePage'
Dharma.sample,b'KERNEL32.dll',b'VirtualAlloc'
Dharma.sample,b'KERNEL32.dll',b'HeapReAlloc'
Dharma.sample,b'KERNEL32.dll',b'HeapSize'
Dharma.sample,b'KERNEL32.dll',b'SetFilePointer'
Dharma.sample,b'KERNEL32.dll',b'GetConsoleCP'
Dharma.sample,b'KERNEL32.dll',b'GetConsoleMode'
Dharma.sample,b'KERNEL32.dll',b'GetUserDefaultLCID'
Dharma.sample,b'KERNEL32.dll',b'GetLocaleInfoA'
Dharma.sample,b'KERNEL32.dll',b'EnumSystemLocalesA'
Dharma.sample,b'KERNEL32.dll',b'IsValidLocale'
Dharma.sample,b'KERNEL32.dll',b'GetStringTypeA'
Dharma.sample,b'KERNEL32.dll',b'MultiByteToWideChar'
Dharma.sample,b'KERNEL32.dll',b'GetStringTypeW'
Dharma.sample,b'KERNEL32.dll',b'InterlockedExchange'
Dharma.sample,b'KERNEL32.dll',b'LoadLibraryA'
Dharma.sample,b'KERNEL32.dll',b'InitializeCriticalSectionAndSpinCount'
Dharma.sample,b'KERNEL32.dll',b'LCMapStringA'
Dharma.sample,b'KERNEL32.dll',b'LCMapStringW'
Dharma.sample,b'KERNEL32.dll',b'SetStdHandle'
Dharma.sample,b'KERNEL32.dll',b'WriteConsoleA'
Dharma.sample,b'KERNEL32.dll',b'GetConsoleOutputCP'
Dharma.sample,b'KERNEL32.dll',b'WriteConsoleW'
Dharma.sample,b'KERNEL32.dll',b'GetLocaleInfoW'
Dharma.sample,b'KERNEL32.dll',b'CreateFileA'
Dharma.sample,b'KERNEL32.dll',b'CloseHandle'
Dharma.sample,b'KERNEL32.dll',b'FlushFileBuffers'
Dharma.sample,b'KERNEL32.dll',b'ReadFile'
Dharma.sample,b'COMDLG32.dll',b'GetOpenFileNameA'
Dharma.sample,b'COMDLG32.dll',b'PrintDlgExA'
Dharma.sample,b'ADVAPI32.dll',b'AccessCheckByTypeResultList'
Dharma.sample,b'OLEAUT32.dll',b'SysAllocString'
Djvu.sample,b'KERNEL32.dll',b'LocalAlloc'
Djvu.sample,b'KERNEL32.dll',b'VirtualProtect'
Djvu.sample,b'KERNEL32.dll',b'GetFileAttributesExW'
Djvu.sample,b'KERNEL32.dll',b'ScrollConsoleScreenBufferA'
Djvu.sample,b'KERNEL32.dll',b'LoadLibraryA'
Djvu.sample,b'KERNEL32.dll',b'CloseHandle'
Djvu.sample,b'KERNEL32.dll',b'FindActCtxSectionStringW'
Djvu.sample,b'KERNEL32.dll',b'ResetWriteWatch'
Djvu.sample,b'KERNEL32.dll',b'PeekConsoleInputW'
Djvu.sample,b'KERNEL32.dll',b'lstrlenW'
Djvu.sample,b'KERNEL32.dll',b'GetTickCount'
Djvu.sample,b'KERNEL32.dll',b'SleepEx'
Djvu.sample,b'KERNEL32.dll',b'UnlockFile'
Djvu.sample,b'KERNEL32.dll',b'DuplicateHandle'
Djvu.sample,b'KERNEL32.dll',b'GetConsoleAliasExesLengthA'
Djvu.sample,b'KERNEL32.dll',b'CompareStringW'
Djvu.sample,b'KERNEL32.dll',b'CompareStringA'
Djvu.sample,b'KERNEL32.dll',b'GetTimeZoneInformation'
Djvu.sample,b'KERNEL32.dll',b'FlushFileBuffers'
Djvu.sample,b'KERNEL32.dll',b'CreateFileA'
Djvu.sample,b'KERNEL32.dll',b'GetLocaleInfoW'
Djvu.sample,b'KERNEL32.dll',b'TerminateProcess'
Djvu.sample,b'KERNEL32.dll',b'GetCurrentProcess'
Djvu.sample,b'KERNEL32.dll',b'UnhandledExceptionFilter'
Djvu.sample,b'KERNEL32.dll',b'SetUnhandledExceptionFilter'
Djvu.sample,b'KERNEL32.dll',b'IsDebuggerPresent'
Djvu.sample,b'KERNEL32.dll',b'GetStartupInfoW'
Djvu.sample,b'KERNEL32.dll',b'RaiseException'
Djvu.sample,b'KERNEL32.dll',b'RtlUnwind'
Djvu.sample,b'KERNEL32.dll',b'HeapAlloc'
Djvu.sample,b'KERNEL32.dll',b'GetLastError'
Djvu.sample,b'KERNEL32.dll',b'HeapFree'
Djvu.sample,b'KERNEL32.dll',b'GetModuleHandleW'
Djvu.sample,b'KERNEL32.dll',b'GetProcAddress'
Djvu.sample,b'KERNEL32.dll',b'TlsGetValue'
Djvu.sample,b'KERNEL32.dll',b'TlsAlloc'
Djvu.sample,b'KERNEL32.dll',b'TlsSetValue'
Djvu.sample,b'KERNEL32.dll',b'TlsFree'
Djvu.sample,b'KERNEL32.dll',b'InterlockedIncrement'
Djvu.sample,b'KERNEL32.dll',b'SetLastError'
Djvu.sample,b'KERNEL32.dll',b'GetCurrentThreadId'
Djvu.sample,b'KERNEL32.dll',b'InterlockedDecrement'
Djvu.sample,b'KERNEL32.dll',b'GetCurrentThread'
Djvu.sample,b'KERNEL32.dll',b'Sleep'
Djvu.sample,b'KERNEL32.dll',b'ExitProcess'
Djvu.sample,b'KERNEL32.dll',b'WriteFile'
Djvu.sample,b'KERNEL32.dll',b'GetStdHandle'
Djvu.sample,b'KERNEL32.dll',b'GetModuleFileNameA'
Djvu.sample,b'KERNEL32.dll',b'GetModuleFileNameW'
Djvu.sample,b'KERNEL32.dll',b'FreeEnvironmentStringsW'
Djvu.sample,b'KERNEL32.dll',b'GetEnvironmentStringsW'
Djvu.sample,b'KERNEL32.dll',b'GetCommandLineW'
Djvu.sample,b'KERNEL32.dll',b'SetHandleCount'
Djvu.sample,b'KERNEL32.dll',b'GetFileType'
Djvu.sample,b'KERNEL32.dll',b'GetStartupInfoA'
Djvu.sample,b'KERNEL32.dll',b'DeleteCriticalSection'
Djvu.sample,b'KERNEL32.dll',b'HeapCreate'
Djvu.sample,b'KERNEL32.dll',b'HeapDestroy'
Djvu.sample,b'KERNEL32.dll',b'VirtualFree'
Djvu.sample,b'KERNEL32.dll',b'QueryPerformanceCounter'
Djvu.sample,b'KERNEL32.dll',b'GetCurrentProcessId'
Djvu.sample,b'KERNEL32.dll',b'GetSystemTimeAsFileTime'
Djvu.sample,b'KERNEL32.dll',b'SetFilePointer'
Djvu.sample,b'KERNEL32.dll',b'WideCharToMultiByte'
Djvu.sample,b'KERNEL32.dll',b'GetConsoleCP'
Djvu.sample,b'KERNEL32.dll',b'GetConsoleMode'
Djvu.sample,b'KERNEL32.dll',b'EnterCriticalSection'
Djvu.sample,b'KERNEL32.dll',b'LeaveCriticalSection'
Djvu.sample,b'KERNEL32.dll',b'GetCPInfo'
Djvu.sample,b'KERNEL32.dll',b'GetACP'
Djvu.sample,b'KERNEL32.dll',b'GetOEMCP'
Djvu.sample,b'KERNEL32.dll',b'IsValidCodePage'
Djvu.sample,b'KERNEL32.dll',b'FatalAppExitA'
Djvu.sample,b'KERNEL32.dll',b'VirtualAlloc'
Djvu.sample,b'KERNEL32.dll',b'HeapReAlloc'
Djvu.sample,b'KERNEL32.dll',b'HeapSize'
Djvu.sample,b'KERNEL32.dll',b'SetConsoleCtrlHandler'
Djvu.sample,b'KERNEL32.dll',b'FreeLibrary'
Djvu.sample,b'KERNEL32.dll',b'InterlockedExchange'
Djvu.sample,b'KERNEL32.dll',b'InitializeCriticalSectionAndSpinCount'
Djvu.sample,b'KERNEL32.dll',b'SetStdHandle'
Djvu.sample,b'KERNEL32.dll',b'WriteConsoleA'
Djvu.sample,b'KERNEL32.dll',b'GetConsoleOutputCP'
Djvu.sample,b'KERNEL32.dll',b'WriteConsoleW'
Djvu.sample,b'KERNEL32.dll',b'MultiByteToWideChar'
Djvu.sample,b'KERNEL32.dll',b'LCMapStringA'
Djvu.sample,b'KERNEL32.dll',b'LCMapStringW'
Djvu.sample,b'KERNEL32.dll',b'GetStringTypeA'
Djvu.sample,b'KERNEL32.dll',b'GetStringTypeW'
Djvu.sample,b'KERNEL32.dll',b'GetTimeFormatA'
Djvu.sample,b'KERNEL32.dll',b'GetDateFormatA'
Djvu.sample,b'KERNEL32.dll',b'GetUserDefaultLCID'
Djvu.sample,b'KERNEL32.dll',b'GetLocaleInfoA'
Djvu.sample,b'KERNEL32.dll',b'EnumSystemLocalesA'
Djvu.sample,b'KERNEL32.dll',b'IsValidLocale'
Djvu.sample,b'KERNEL32.dll',b'SetEnvironmentVariableA'
Djvu.sample,b'ADVAPI32.dll',b'ObjectCloseAuditAlarmW'
Djvu.sample,b'ADVAPI32.dll',b'LockServiceDatabase'
Djvu.sample,b'ADVAPI32.dll',b'RegDeleteKeyA'
Djvu.sample,b'ADVAPI32.dll',b'GetTokenInformation'
Djvu.sample,b'ADVAPI32.dll',b'SetThreadToken'
Djvu.sample,b'ADVAPI32.dll',b'AdjustTokenPrivileges'
Djvu.sample,b'WINHTTP.dll',b'WinHttpOpen'
Djvu.sample,b'WINHTTP.dll',b'WinHttpQueryDataAvailable'
Djvu.sample,b'WINHTTP.dll',b'WinHttpQueryHeaders'
Djvu.sample,b'WINHTTP.dll',b'WinHttpSetOption'
Djvu.sample,b'WINHTTP.dll',b'WinHttpCrackUrl'
Gandcrab.sample,b'KERNEL32.dll',b'DeleteCriticalSection'
Gandcrab.sample,b'KERNEL32.dll',b'SetHandleCount'
Gandcrab.sample,b'KERNEL32.dll',b'IsValidCodePage'
Gandcrab.sample,b'KERNEL32.dll',b'GetOEMCP'
Gandcrab.sample,b'KERNEL32.dll',b'GetACP'
Gandcrab.sample,b'KERNEL32.dll',b'GetCPInfo'
Gandcrab.sample,b'KERNEL32.dll',b'InterlockedDecrement'
Gandcrab.sample,b'KERNEL32.dll',b'GetCurrentThreadId'
Gandcrab.sample,b'KERNEL32.dll',b'SetLastError'
Gandcrab.sample,b'KERNEL32.dll',b'InterlockedIncrement'
Gandcrab.sample,b'KERNEL32.dll',b'TlsFree'
Gandcrab.sample,b'KERNEL32.dll',b'TlsSetValue'
Gandcrab.sample,b'KERNEL32.dll',b'TlsGetValue'
Gandcrab.sample,b'KERNEL32.dll',b'TlsAlloc'
Gandcrab.sample,b'KERNEL32.dll',b'GetConsoleMode'
Gandcrab.sample,b'KERNEL32.dll',b'GetConsoleCP'
Gandcrab.sample,b'KERNEL32.dll',b'WideCharToMultiByte'
Gandcrab.sample,b'KERNEL32.dll',b'WriteFile'
Gandcrab.sample,b'KERNEL32.dll',b'RtlUnwind'
Gandcrab.sample,b'KERNEL32.dll',b'HeapSetInformation'
Gandcrab.sample,b'KERNEL32.dll',b'ExitProcess'
Gandcrab.sample,b'KERNEL32.dll',b'GetModuleHandleW'
Gandcrab.sample,b'KERNEL32.dll',b'SetUnhandledExceptionFilter'
Gandcrab.sample,b'KERNEL32.dll',b'UnhandledExceptionFilter'
Gandcrab.sample,b'KERNEL32.dll',b'TerminateProcess'
Gandcrab.sample,b'KERNEL32.dll',b'GetStartupInfoW'
Gandcrab.sample,b'KERNEL32.dll',b'GetCommandLineA'
Gandcrab.sample,b'KERNEL32.dll',b'EncodePointer'
Gandcrab.sample,b'KERNEL32.dll',b'IsProcessorFeaturePresent'
Gandcrab.sample,b'KERNEL32.dll',b'RaiseException'
Gandcrab.sample,b'KERNEL32.dll',b'SetFilePointer'
Gandcrab.sample,b'KERNEL32.dll',b'ReadFile'
Gandcrab.sample,b'KERNEL32.dll',b'FlushFileBuffers'
Gandcrab.sample,b'KERNEL32.dll',b'GetModuleFileNameA'
Gandcrab.sample,b'KERNEL32.dll',b'FreeEnvironmentStringsW'
Gandcrab.sample,b'KERNEL32.dll',b'GetEnvironmentStringsW'
Gandcrab.sample,b'KERNEL32.dll',b'QueryPerformanceCounter'
Gandcrab.sample,b'KERNEL32.dll',b'GetTickCount'
Gandcrab.sample,b'KERNEL32.dll',b'GetCurrentProcessId'
Gandcrab.sample,b'KERNEL32.dll',b'GetSystemTimeAsFileTime'
Gandcrab.sample,b'KERNEL32.dll',b'SetStdHandle'
Gandcrab.sample,b'KERNEL32.dll',b'LCMapStringW'
Gandcrab.sample,b'KERNEL32.dll',b'GetStringTypeW'
Gandcrab.sample,b'KERNEL32.dll',b'GetUserDefaultLCID'
Gandcrab.sample,b'KERNEL32.dll',b'GetLocaleInfoA'
Gandcrab.sample,b'KERNEL32.dll',b'EnumSystemLocalesA'
Gandcrab.sample,b'KERNEL32.dll',b'IsValidLocale'
Gandcrab.sample,b'KERNEL32.dll',b'HeapSize'
Gandcrab.sample,b'KERNEL32.dll',b'CloseHandle'
Gandcrab.sample,b'KERNEL32.dll',b'OutputDebugStringA'
Gandcrab.sample,b'KERNEL32.dll',b'LoadLibraryA'
Gandcrab.sample,b'KERNEL32.dll',b'VirtualAlloc'
Gandcrab.sample,b'KERNEL32.dll',b'GetProcAddress'
Gandcrab.sample,b'KERNEL32.dll',b'GetLastError'
Gandcrab.sample,b'KERNEL32.dll',b'GetStdHandle'
Gandcrab.sample,b'KERNEL32.dll',b'MultiByteToWideChar'
Gandcrab.sample,b'KERNEL32.dll',b'DecodePointer'
Gandcrab.sample,b'KERNEL32.dll',b'HeapReAlloc'
Gandcrab.sample,b'KERNEL32.dll',b'HeapAlloc'
Gandcrab.sample,b'KERNEL32.dll',b'HeapFree'
Gandcrab.sample,b'KERNEL32.dll',b'InitializeCriticalSection'
Gandcrab.sample,b'KERNEL32.dll',b'LeaveCriticalSection'
Gandcrab.sample,b'KERNEL32.dll',b'EnterCriticalSection'
Gandcrab.sample,b'KERNEL32.dll',b'GetModuleFileNameW'
Gandcrab.sample,b'KERNEL32.dll',b'GetFileType'
Gandcrab.sample,b'KERNEL32.dll',b'WriteConsoleW'
Gandcrab.sample,b'KERNEL32.dll',b'SetEndOfFile'
Gandcrab.sample,b'KERNEL32.dll',b'GetProcessHeap'
Gandcrab.sample,b'KERNEL32.dll',b'GetLocaleInfoW'
Gandcrab.sample,b'KERNEL32.dll',b'HeapCreate'
Gandcrab.sample,b'KERNEL32.dll',b'CreateFileW'
Gandcrab.sample,b'KERNEL32.dll',b'IsDebuggerPresent'
Gandcrab.sample,b'KERNEL32.dll',b'CreateEventA'
Gandcrab.sample,b'KERNEL32.dll',b'Sleep'
Gandcrab.sample,b'KERNEL32.dll',b'LoadLibraryW'
Gandcrab.sample,b'KERNEL32.dll',b'WaitForSingleObject'
Gandcrab.sample,b'KERNEL32.dll',b'GetCurrentProcess'
Gandcrab.sample,b'KERNEL32.dll',b'lstrcpynA'
Gandcrab.sample,b'KERNEL32.dll',b'CreateFileA'
Gandcrab.sample,b'KERNEL32.dll',b'InitializeCriticalSectionAndSpinCount'
Gandcrab.sample,b'KERNEL32.dll',b'GetModuleHandleA'
Gandcrab.sample,b'USER32.dll',b'AppendMenuA'
Gandcrab.sample,b'USER32.dll',b'ClipCursor'
Gandcrab.sample,b'USER32.dll',b'IsDlgButtonChecked'
Gandcrab.sample,b'USER32.dll',b'CreatePopupMenu'
Gandcrab.sample,b'USER32.dll',b'SetMenuDefaultItem'
Gandcrab.sample,b'USER32.dll',b'GetMenuItemInfoA'
Gandcrab.sample,b'USER32.dll',b'GetCursorPos'
Gandcrab.sample,b'USER32.dll',b'GetDesktopWindow'
Gandcrab.sample,b'USER32.dll',b'GetSystemMetrics'
Gandcrab.sample,b'USER32.dll',b'EnableWindow'
Gandcrab.sample,b'USER32.dll',b'LoadCursorA'
Gandcrab.sample,b'USER32.dll',b'DrawFrameControl'
Gandcrab.sample,b'USER32.dll',b'RedrawWindow'
Gandcrab.sample,b'USER32.dll',b'GetDlgItem'
Gandcrab.sample,b'USER32.dll',b'ReleaseDC'
Gandcrab.sample,b'USER32.dll',b'SetScrollPos'
Gandcrab.sample,b'USER32.dll',b'GetWindowLongA'
Gandcrab.sample,b'USER32.dll',b'MoveWindow'
Gandcrab.sample,b'USER32.dll',b'ShowWindow'
Gandcrab.sample,b'USER32.dll',b'GetMessageA'
Gandcrab.sample,b'USER32.dll',b'RegisterClassExA'
Gandcrab.sample,b'USER32.dll',b'PostQuitMessage'
Gandcrab.sample,b'USER32.dll',b'TranslateMessage'
Gandcrab.sample,b'USER32.dll',b'InvalidateRect'
Gandcrab.sample,b'USER32.dll',b'GetWindowLongW'
Gandcrab.sample,b'USER32.dll',b'CreateWindowExA'
Gandcrab.sample,b'USER32.dll',b'SetWindowLongW'
Gandcrab.sample,b'USER32.dll',b'DefWindowProcA'
Gandcrab.sample,b'USER32.dll',b'DispatchMessageA'
Gandcrab.sample,b'USER32.dll',b'UpdateWindow'
Gandcrab.sample,b'USER32.dll',b'ValidateRect'
Gandcrab.sample,b'USER32.dll',b'ClientToScreen'
Gandcrab.sample,b'USER32.dll',b'DestroyWindow'
Gandcrab.sample,b'USER32.dll',b'ScreenToClient'
Gandcrab.sample,b'USER32.dll',b'GetWindowRect'
Gandcrab.sample,b'USER32.dll',b'SetActiveWindow'
Gandcrab.sample,b'USER32.dll',b'InsertMenuItemA'
Gandcrab.sample,b'USER32.dll',b'SendDlgItemMessageA'
Gandcrab.sample,b'USER32.dll',b'GetWindowDC'
Gandcrab.sample,b'USER32.dll',b'FillRect'
Gandcrab.sample,b'USER32.dll',b'GetKeyState'
Gandcrab.sample,b'USER32.dll',b'GetSubMenu'
Gandcrab.sample,b'USER32.dll',b'LoadBitmapA'
Gandcrab.sample,b'USER32.dll',b'GetParent'
Gandcrab.sample,b'USER32.dll',b'LoadMenuA'
Gandcrab.sample,b'USER32.dll',b'LoadIconA'
Gandcrab.sample,b'USER32.dll',b'GetClipCursor'
Gandcrab.sample,b'USER32.dll',b'GetClientRect'
Gandcrab.sample,b'USER32.dll',b'CreateMenu'
Gandcrab.sample,b'USER32.dll',b'SetFocus'
Gandcrab.sample,b'USER32.dll',b'SendMessageA'
Gandcrab.sample,b'USER32.dll',b'BeginPaint'
Gandcrab.sample,b'USER32.dll',b'PtInRect'
Gandcrab.sample,b'USER32.dll',b'GetDC'
Gandcrab.sample,b'USER32.dll',b'SetRect'
Gandcrab.sample,b'USER32.dll',b'SetWindowLongA'
Gandcrab.sample,b'USER32.dll',b'IntersectRect'
Gandcrab.sample,b'USER32.dll',b'MessageBoxA'
Gandcrab.sample,b'USER32.dll',b'UnionRect'
Gandcrab.sample,b'GDI32.dll',b'ExtTextOutA'
Gandcrab.sample,b'GDI32.dll',b'ExcludeClipRect'
Gandcrab.sample,b'GDI32.dll',b'CreateEllipticRgn'
Gandcrab.sample,b'GDI32.dll',b'GetTextExtentPoint32A'
Gandcrab.sample,b'GDI32.dll',b'SetTextColor'
Gandcrab.sample,b'GDI32.dll',b'DeleteDC'
Gandcrab.sample,b'GDI32.dll',b'GetDeviceCaps'
Gandcrab.sample,b'GDI32.dll',b'SetBkColor'
Gandcrab.sample,b'GDI32.dll',b'CreateSolidBrush'
Gandcrab.sample,b'GDI32.dll',b'DeleteObject'
Gandcrab.sample,b'GDI32.dll',b'SelectObject'
Gandcrab.sample,b'GDI32.dll',b'SelectClipRgn'
Gandcrab.sample,b'GDI32.dll',b'CreateCompatibleDC'
Gandcrab.sample,b'GDI32.dll',b'CreateCompatibleBitmap'
Gandcrab.sample,b'GDI32.dll',b'Rectangle'
Gandcrab.sample,b'GDI32.dll',b'CreateBrushIndirect'
Gandcrab.sample,b'GDI32.dll',b'StartDocA'
Gandcrab.sample,b'GDI32.dll',b'CreatePen'
Gandcrab.sample,b'GDI32.dll',b'GetTextMetricsA'
Gandcrab.sample,b'GDI32.dll',b'CreateICA'
Gandcrab.sample,b'COMDLG32.dll',b'GetSaveFileNameW'
Gandcrab.sample,b'ADVAPI32.dll',b'CreateRestrictedToken'
Gandcrab.sample,b'ADVAPI32.dll',b'LookupPrivilegeValueA'
Gandcrab.sample,b'ADVAPI32.dll',b'ImpersonateLoggedOnUser'
Gandcrab.sample,b'ADVAPI32.dll',b'RevertToSelf'
Gandcrab.sample,b'ADVAPI32.dll',b'AdjustTokenPrivileges'
Gandcrab.sample,b'ADVAPI32.dll',b'LogonUserA'
Gandcrab.sample,b'ADVAPI32.dll',b'OpenProcessToken'
Gandcrab.sample,b'SHELL32.dll',b'SHCreateShellItem'
Gandcrab.sample,b'ole32.dll',b'CoCreateInstance'
Gandcrab.sample,b'ole32.dll',b'CoUninitialize'
Gandcrab.sample,b'ole32.dll',b'CoInitialize'
Gandcrab.sample,b'WININET.dll',b'GopherOpenFileA'
Gandcrab.sample,b'NETAPI32.dll',b'Netbios'
Gandcrab.sample,b'MSVFW32.dll',b'ICCompressorChoose'
Gandcrab.sample,b'MSIMG32.dll',b'GradientFill'
Gandcrab.sample,b'WINMM.dll',b'mmioAscend'
Gandcrab.sample,b'VERSION.dll',b'GetFileVersionInfoW'
Gandcrab.sample,b'SHLWAPI.dll',b'PathFindNextComponentW'
Gandcrab.sample,b'SHLWAPI.dll',b'StrToIntExA'
Gandcrab.sample,b'COMCTL32.dll',b'ImageList_DrawEx'
Gandcrab.sample,b'COMCTL32.dll',b'PropertySheetA'
Gandcrab.sample,b'COMCTL32.dll',b'ImageList_LoadImageA'
Gandcrab.sample,b'COMCTL32.dll',b'ImageList_GetIconSize'
Gandcrab.sample,b'COMCTL32.dll',b'ImageList_GetImageInfo'
Gandcrab.sample,b'COMCTL32.dll',b'CreatePropertySheetPageA'
Gandcrab.sample,b'pdh.dll',b'PdhMakeCounterPathA'
Gandcrab.sample,b'pdh.dll',b'PdhBrowseCountersA'
Gandcrab.sample,b'pdh.dll',b'PdhGetDllVersion'
Gandcrab.sample,b'GLU32.dll',b'gluGetString'
Gandcrab.sample,b'GLU32.dll',b'gluNewNurbsRenderer'
Gandcrab.sample,b'IMM32.dll',b'ImmSetCompositionFontA'
Gandcrab.sample,b'UxTheme.dll',b'OpenThemeData'
Gandcrab.sample,b'UxTheme.dll',b'SetWindowTheme'
Gandcrab.sample,b'UxTheme.dll',b'CloseThemeData'
Gandcrab.sample,b'DWrite.dll',b'DWriteCreateFactory'
jigsaw.sample,b'mscoree.dll',b'_CorExeMain'
Locky.sample,b'ADVAPI32.dll',b'GetSecurityDescriptorDacl'
Locky.sample,b'ADVAPI32.dll',b'RegisterEventSourceA'
Locky.sample,b'ADVAPI32.dll',b'RegQueryInfoKeyA'
Locky.sample,b'ADVAPI32.dll',b'GetSidSubAuthorityCount'
Locky.sample,b'ADVAPI32.dll',b'RegSetValueExA'
Locky.sample,b'ADVAPI32.dll',b'RegDeleteKeyA'
Locky.sample,b'ADVAPI32.dll',b'GetKernelObjectSecurity'
Locky.sample,b'ADVAPI32.dll',b'RegCloseKey'
Locky.sample,b'ADVAPI32.dll',b'RegQueryValueA'
Locky.sample,b'ADVAPI32.dll',b'RegLoadKeyA'
Locky.sample,b'ADVAPI32.dll',b'GetSidSubAuthority'
Locky.sample,b'ADVAPI32.dll',b'RegConnectRegistryA'
Locky.sample,b'ADVAPI32.dll',b'LookupPrivilegeValueA'
Locky.sample,b'ADVAPI32.dll',b'InitiateSystemShutdownA'
Locky.sample,b'ADVAPI32.dll',b'CreateProcessAsUserA'
Locky.sample,b'ADVAPI32.dll',b'GetSidIdentifierAuthority'
Locky.sample,b'ADVAPI32.dll',b'OpenThreadToken'
Locky.sample,b'ADVAPI32.dll',b'LsaQueryInformationPolicy'
Locky.sample,b'ADVAPI32.dll',b'RegQueryValueW'
Locky.sample,b'ADVAPI32.dll',b'EncryptFileW'
Locky.sample,b'ADVAPI32.dll',b'RegSetValueW'
Locky.sample,b'ADVAPI32.dll',b'MakeAbsoluteSD'
Locky.sample,b'ADVAPI32.dll',b'RegOpenKeyExA'
Locky.sample,b'ADVAPI32.dll',b'RegCreateKeyExW'
Locky.sample,b'ADVAPI32.dll',b'AddAce'
Locky.sample,b'ADVAPI32.dll',b'SetNamedSecurityInfoW'
Locky.sample,b'ADVAPI32.dll',b'OpenEventLogW'
Locky.sample,b'ADVAPI32.dll',b'GetUserNameW'
Locky.sample,b'ADVAPI32.dll',b'SetSecurityDescriptorSacl'
Locky.sample,b'ADVAPI32.dll',b'MakeSelfRelativeSD'
Locky.sample,b'ADVAPI32.dll',b'RegFlushKey'
Locky.sample,b'ADVAPI32.dll',b'InitializeSecurityDescriptor'
Locky.sample,b'ADVAPI32.dll',b'InitializeAcl'
Locky.sample,b'ADVAPI32.dll',b'SetEntriesInAclA'
Locky.sample,b'ADVAPI32.dll',b'GetSidLengthRequired'
Locky.sample,b'ADVAPI32.dll',b'RegSetValueA'
Locky.sample,b'ADVAPI32.dll',b'SetEntriesInAclW'
Locky.sample,b'ADVAPI32.dll',b'GetAclInformation'
Locky.sample,b'USER32.dll',b'DrawIconEx'
Locky.sample,b'USER32.dll',b'IsDialogMessageA'
Locky.sample,b'USER32.dll',b'OffsetRect'
Locky.sample,b'USER32.dll',b'PostThreadMessageW'
Locky.sample,b'USER32.dll',b'DialogBoxParamA'
Locky.sample,b'USER32.dll',b'GetLastActivePopup'
Locky.sample,b'USER32.dll',b'GetGUIThreadInfo'
Locky.sample,b'USER32.dll',b'DrawStateA'
Locky.sample,b'USER32.dll',b'IsWindow'
Locky.sample,b'USER32.dll',b'OpenClipboard'
Locky.sample,b'USER32.dll',b'InSendMessage'
Locky.sample,b'USER32.dll',b'FindWindowW'
Locky.sample,b'USER32.dll',b'IsMenu'
Locky.sample,b'USER32.dll',b'EnumDisplaySettingsA'
Locky.sample,b'USER32.dll',b'DrawAnimatedRects'
Locky.sample,b'USER32.dll',b'FrameRect'
Locky.sample,b'USER32.dll',b'SetMenuDefaultItem'
Locky.sample,b'USER32.dll',b'GrayStringW'
Locky.sample,b'USER32.dll',b'CreateDialogIndirectParamW'
Locky.sample,b'USER32.dll',b'ClientToScreen'
Locky.sample,b'USER32.dll',b'GetParent'
Locky.sample,b'USER32.dll',b'TranslateMDISysAccel'
Locky.sample,b'USER32.dll',b'CreateDesktopW'
Locky.sample,b'USER32.dll',b'ShowCaret'
Locky.sample,b'USER32.dll',b'GetProcessWindowStation'
Locky.sample,b'USER32.dll',b'TrackPopupMenu'
Locky.sample,b'USER32.dll',b'IntersectRect'
Locky.sample,b'USER32.dll',b'DialogBoxIndirectParamA'
Locky.sample,b'USER32.dll',b'DefWindowProcA'
Locky.sample,b'USER32.dll',b'ReuseDDElParam'
Locky.sample,b'USER32.dll',b'NotifyWinEvent'
Locky.sample,b'USER32.dll',b'SetClipboardData'
Locky.sample,b'USER32.dll',b'CloseClipboard'
Locky.sample,b'USER32.dll',b'DdeDisconnect'
Locky.sample,b'USER32.dll',b'GetClassNameA'
Locky.sample,b'USER32.dll',b'GetCaretPos'
Locky.sample,b'USER32.dll',b'CharLowerW'
Locky.sample,b'USER32.dll',b'GetWindowModuleFileNameA'
Locky.sample,b'USER32.dll',b'IsWindowVisible'
Locky.sample,b'USER32.dll',b'wvsprintfA'
Locky.sample,b'USER32.dll',b'ModifyMenuA'
Locky.sample,b'USER32.dll',b'SendDlgItemMessageW'
Locky.sample,b'USER32.dll',b'SetCaretBlinkTime'
Locky.sample,b'USER32.dll',b'LoadMenuW'
Locky.sample,b'USER32.dll',b'GetMenuState'
Locky.sample,b'USER32.dll',b'DrawTextExA'
Locky.sample,b'USER32.dll',b'ChangeDisplaySettingsW'
Locky.sample,b'USER32.dll',b'CreateWindowExW'
Locky.sample,b'USER32.dll',b'GetCapture'
Locky.sample,b'USER32.dll',b'CreatePopupMenu'
Locky.sample,b'USER32.dll',b'SetMenu'
Locky.sample,b'USER32.dll',b'CharUpperBuffW'
Locky.sample,b'USER32.dll',b'DrawStateW'
Locky.sample,b'USER32.dll',b'LoadImageA'
Locky.sample,b'USER32.dll',b'GetScrollPos'
Locky.sample,b'USER32.dll',b'GetDlgItem'
Locky.sample,b'USER32.dll',b'GetClipboardFormatNameW'
Locky.sample,b'USER32.dll',b'ValidateRgn'
Locky.sample,b'USER32.dll',b'GetWindowThreadProcessId'
Locky.sample,b'USER32.dll',b'GetClassInfoExW'
Locky.sample,b'USER32.dll',b'DdeAccessData'
Locky.sample,b'USER32.dll',b'ShowWindow'
Locky.sample,b'USER32.dll',b'GetKeyboardLayout'
Locky.sample,b'USER32.dll',b'GetClassInfoW'
Locky.sample,b'USER32.dll',b'SetCaretPos'
Locky.sample,b'USER32.dll',b'LoadCursorA'
Locky.sample,b'USER32.dll',b'FillRect'
Locky.sample,b'USER32.dll',b'LoadMenuA'
Locky.sample,b'USER32.dll',b'mouse_event'
Locky.sample,b'USER32.dll',b'ModifyMenuW'
Locky.sample,b'USER32.dll',b'InvalidateRgn'
Locky.sample,b'USER32.dll',b'GetMenuItemID'
Locky.sample,b'USER32.dll',b'IsIconic'
Locky.sample,b'USER32.dll',b'OemToCharA'
Locky.sample,b'USER32.dll',b'LoadCursorFromFileW'
Locky.sample,b'USER32.dll',b'RegisterWindowMessageA'
Locky.sample,b'USER32.dll',b'DispatchMessageW'
Locky.sample,b'USER32.dll',b'GetCursorPos'
Locky.sample,b'USER32.dll',b'CharPrevA'
Locky.sample,b'USER32.dll',b'GetWindowWord'
Locky.sample,b'IMM32.dll',b'ImmGetProperty'
Locky.sample,b'IMM32.dll',b'ImmGetCandidateListCountA'
Locky.sample,b'IMM32.dll',b'ImmGetCompositionStringA'
Locky.sample,b'IMM32.dll',b'ImmSetConversionStatus'
Locky.sample,b'IMM32.dll',b'ImmSetOpenStatus'
Locky.sample,b'IMM32.dll',b'ImmCreateContext'
Locky.sample,b'IMM32.dll',b'ImmGetOpenStatus'
Locky.sample,b'IMM32.dll',b'ImmNotifyIME'
Locky.sample,b'IMM32.dll',b'ImmInstallIMEA'
Locky.sample,b'IMM32.dll',b'ImmGetContext'
Locky.sample,b'IMM32.dll',b'ImmDestroyContext'
Locky.sample,b'IMM32.dll',b'ImmSimulateHotKey'
Locky.sample,b'IMM32.dll',b'ImmConfigureIMEA'
Locky.sample,b'IMM32.dll',b'ImmAssociateContext'
Locky.sample,b'RASAPI32.dll',b'RasDialA'
Locky.sample,b'RASAPI32.dll',b'RasGetProjectionInfoA'
Locky.sample,b'KERNEL32.dll',b'WriteFileGather'
Locky.sample,b'KERNEL32.dll',b'PulseEvent'
Locky.sample,b'KERNEL32.dll',b'GetLongPathNameA'
Petwrap.sample,b'mscoree.dll',b'_CorExeMain'
Petya.sample,b'ole32.dll',b'IIDFromString'
Petya.sample,b'ole32.dll',b'StringFromGUID2'
Petya.sample,b'ole32.dll',b'OleUninitialize'
Petya.sample,b'ole32.dll',b'OleInitialize'
Petya.sample,b'ole32.dll',b'OleRun'
Petya.sample,b'ole32.dll',b'OleSetContainedObject'
Petya.sample,b'ole32.dll',b'CoInitializeEx'
Petya.sample,b'ole32.dll',b'CoTaskMemAlloc'
Petya.sample,b'ole32.dll',b'CoTaskMemFree'
Petya.sample,b'ole32.dll',b'CoInitialize'
Petya.sample,b'ole32.dll',b'CoTaskMemRealloc'
Petya.sample,b'ole32.dll',b'CoUninitialize'
Petya.sample,b'ole32.dll',b'CoCreateInstance'
Petya.sample,b'SHELL32.dll',b'SHGetFolderPathW'
Petya.sample,b'SHELL32.dll',b'FindExecutableA'
Petya.sample,b'SHELL32.dll',b'Shell_NotifyIconA'
Petya.sample,b'SHELL32.dll',b'SHGetFolderPathA'
Petya.sample,b'SHELL32.dll',b'ShellExecuteExA'
Petya.sample,b'WININET.dll',b'InternetTimeFromSystemTime'
Petya.sample,b'WININET.dll',b'InternetTimeToSystemTime'
Petya.sample,b'WININET.dll',b'InternetCrackUrlA'
Petya.sample,b'WININET.dll',b'HttpQueryInfoA'
Petya.sample,b'WININET.dll',b'InternetConnectA'
Petya.sample,b'WININET.dll',b'InternetReadFile'
Petya.sample,b'WININET.dll',b'HttpOpenRequestA'
Petya.sample,b'WININET.dll',b'InternetGetConnectedState'
Petya.sample,b'WININET.dll',b'InternetErrorDlg'
Petya.sample,b'WININET.dll',b'HttpSendRequestA'
Petya.sample,b'WININET.dll',b'InternetOpenA'
Petya.sample,b'WININET.dll',b'InternetCloseHandle'
Petya.sample,b'USER32.dll',b'IsChild'
Petya.sample,b'USER32.dll',b'SetFocus'
Petya.sample,b'USER32.dll',b'SetRect'
Petya.sample,b'USER32.dll',b'GetWindowThreadProcessId'
Petya.sample,b'USER32.dll',b'RegisterClassExA'
Petya.sample,b'USER32.dll',b'GetFocus'
Petya.sample,b'USER32.dll',b'GetAncestor'
Petya.sample,b'USER32.dll',b'GetSystemMenu'
Petya.sample,b'USER32.dll',b'GetWindowRect'
Petya.sample,b'USER32.dll',b'GetParent'
Petya.sample,b'USER32.dll',b'GetClientRect'
Petya.sample,b'USER32.dll',b'SendMessageA'
Petya.sample,b'USER32.dll',b'GetClassInfoExW'
Petya.sample,b'USER32.dll',b'GetDC'
Petya.sample,b'USER32.dll',b'TranslateMessage'
Petya.sample,b'USER32.dll',b'RegisterClassExW'
Petya.sample,b'USER32.dll',b'GetWindowLongW'
Petya.sample,b'USER32.dll',b'ReleaseDC'
Petya.sample,b'USER32.dll',b'EnableMenuItem'
Petya.sample,b'USER32.dll',b'SetWindowLongW'
Petya.sample,b'USER32.dll',b'GetDesktopWindow'
Petya.sample,b'USER32.dll',b'SetWindowPos'
Petya.sample,b'USER32.dll',b'CreateWindowExW'
Petya.sample,b'USER32.dll',b'AdjustWindowRectEx'
Petya.sample,b'USER32.dll',b'LoadCursorA'
Petya.sample,b'USER32.dll',b'SetWindowLongA'
Petya.sample,b'USER32.dll',b'GetWindowLongA'
Petya.sample,b'USER32.dll',b'CreateWindowExA'
Petya.sample,b'USER32.dll',b'MessageBoxA'
Petya.sample,b'USER32.dll',b'CharNextA'
Petya.sample,b'USER32.dll',b'DispatchMessageW'
Petya.sample,b'USER32.dll',b'RegisterClassA'
Petya.sample,b'USER32.dll',b'LoadImageA'
Petya.sample,b'USER32.dll',b'GetSystemMetrics'
Petya.sample,b'USER32.dll',b'DispatchMessageA'
Petya.sample,b'USER32.dll',b'PostMessageA'
Petya.sample,b'USER32.dll',b'AppendMenuA'
Petya.sample,b'USER32.dll',b'CreatePopupMenu'
Petya.sample,b'USER32.dll',b'ShowWindow'
Petya.sample,b'USER32.dll',b'MsgWaitForMultipleObjectsEx'
Petya.sample,b'USER32.dll',b'GetCursorPos'
Petya.sample,b'USER32.dll',b'DefWindowProcA'
Petya.sample,b'USER32.dll',b'IsWindowUnicode'
Petya.sample,b'USER32.dll',b'SetWindowTextW'
Petya.sample,b'USER32.dll',b'DefWindowProcW'
Petya.sample,b'USER32.dll',b'wsprintfA'
Petya.sample,b'USER32.dll',b'LoadStringA'
Petya.sample,b'USER32.dll',b'DestroyWindow'
Petya.sample,b'USER32.dll',b'GetMessageA'
Petya.sample,b'USER32.dll',b'GetMessageW'
Petya.sample,b'USER32.dll',b'PostQuitMessage'
Petya.sample,b'USER32.dll',b'TrackPopupMenu'
Petya.sample,b'USER32.dll',b'SetForegroundWindow'
Petya.sample,b'USER32.dll',b'PeekMessageA'
Petya.sample,b'COMCTL32.dll',b'InitCommonControlsEx'
Petya.sample,b'VERSION.dll',b'GetFileVersionInfoA'
Petya.sample,b'VERSION.dll',b'GetFileVersionInfoSizeA'
Petya.sample,b'VERSION.dll',b'VerQueryValueW'
Petya.sample,b'VERSION.dll',b'VerQueryValueA'
Petya.sample,b'KERNEL32.dll',b'GetStdHandle'
Petya.sample,b'KERNEL32.dll',b'WriteConsoleW'
Petya.sample,b'KERNEL32.dll',b'GetConsoleMode'
Petya.sample,b'KERNEL32.dll',b'GetConsoleCP'
Petya.sample,b'KERNEL32.dll',b'GetFileType'
Petya.sample,b'KERNEL32.dll',b'GetStartupInfoW'
Petya.sample,b'KERNEL32.dll',b'HeapSetInformation'
Petya.sample,b'KERNEL32.dll',b'GetSystemTimeAsFileTime'
Petya.sample,b'KERNEL32.dll',b'VirtualQuery'
Petya.sample,b'KERNEL32.dll',b'GetSystemInfo'
Petya.sample,b'KERNEL32.dll',b'GetModuleHandleW'
Petya.sample,b'KERNEL32.dll',b'VirtualAlloc'
Petya.sample,b'KERNEL32.dll',b'GetModuleFileNameW'
Petya.sample,b'KERNEL32.dll',b'HeapAlloc'
Petya.sample,b'KERNEL32.dll',b'HeapFree'
Petya.sample,b'KERNEL32.dll',b'FileTimeToLocalFileTime'
Petya.sample,b'KERNEL32.dll',b'GetDriveTypeW'
Petya.sample,b'KERNEL32.dll',b'FindFirstFileExW'
Petya.sample,b'KERNEL32.dll',b'SetStdHandle'
Petya.sample,b'KERNEL32.dll',b'HeapReAlloc'
Petya.sample,b'KERNEL32.dll',b'GetCPInfo'
Petya.sample,b'KERNEL32.dll',b'RtlUnwind'
Petya.sample,b'KERNEL32.dll',b'LCMapStringW'
Petya.sample,b'KERNEL32.dll',b'UnhandledExceptionFilter'
Petya.sample,b'KERNEL32.dll',b'SetUnhandledExceptionFilter'
Petya.sample,b'KERNEL32.dll',b'ExitThread'
Petya.sample,b'KERNEL32.dll',b'CreateDirectoryW'
Petya.sample,b'KERNEL32.dll',b'VirtualProtect'
Petya.sample,b'KERNEL32.dll',b'GetFullPathNameW'
Petya.sample,b'KERNEL32.dll',b'HeapCreate'
Petya.sample,b'KERNEL32.dll',b'TlsAlloc'
Petya.sample,b'KERNEL32.dll',b'TlsGetValue'
Petya.sample,b'KERNEL32.dll',b'TlsSetValue'
Petya.sample,b'KERNEL32.dll',b'TlsFree'
Petya.sample,b'KERNEL32.dll',b'SetLastError'
Petya.sample,b'KERNEL32.dll',b'HeapSize'
Petya.sample,b'KERNEL32.dll',b'GetLocaleInfoW'
Petya.sample,b'KERNEL32.dll',b'SetHandleCount'
Petya.sample,b'KERNEL32.dll',b'GetTimeZoneInformation'
Petya.sample,b'KERNEL32.dll',b'SetFilePointer'
Petya.sample,b'KERNEL32.dll',b'FlushFileBuffers'
Petya.sample,b'KERNEL32.dll',b'IsDebuggerPresent'
Petya.sample,b'KERNEL32.dll',b'IsProcessorFeaturePresent'
Petya.sample,b'KERNEL32.dll',b'GetACP'
Petya.sample,b'KERNEL32.dll',b'GetOEMCP'
Petya.sample,b'KERNEL32.dll',b'IsValidCodePage'
Petya.sample,b'KERNEL32.dll',b'FreeEnvironmentStringsW'
Petya.sample,b'KERNEL32.dll',b'GetEnvironmentStringsW'
Petya.sample,b'KERNEL32.dll',b'lstrcmpA'
Petya.sample,b'KERNEL32.dll',b'GetModuleHandleA'
Petya.sample,b'KERNEL32.dll',b'FindResourceA'
Petya.sample,b'KERNEL32.dll',b'lstrlenA'
Petya.sample,b'KERNEL32.dll',b'GetModuleHandleExA'
Petya.sample,b'KERNEL32.dll',b'FreeLibrary'
Petya.sample,b'KERNEL32.dll',b'LoadResource'
Petya.sample,b'KERNEL32.dll',b'SetEndOfFile'
Petya.sample,b'KERNEL32.dll',b'InterlockedDecrement'
Petya.sample,b'KERNEL32.dll',b'GetCommandLineA'
Petya.sample,b'KERNEL32.dll',b'WideCharToMultiByte'
Petya.sample,b'KERNEL32.dll',b'InitializeCriticalSectionAndSpinCount'
Petya.sample,b'KERNEL32.dll',b'SizeofResource'
Petya.sample,b'KERNEL32.dll',b'SetDllDirectoryA'
Petya.sample,b'KERNEL32.dll',b'IsDBCSLeadByte'
Petya.sample,b'KERNEL32.dll',b'MultiByteToWideChar'
Petya.sample,b'KERNEL32.dll',b'lstrlenW'
Petya.sample,b'KERNEL32.dll',b'RaiseException'
Petya.sample,b'KERNEL32.dll',b'GetLastError'
Petya.sample,b'KERNEL32.dll',b'lstrcmpiA'
Petya.sample,b'KERNEL32.dll',b'GetProcAddress'
Petya.sample,b'KERNEL32.dll',b'GetModuleFileNameA'
Petya.sample,b'KERNEL32.dll',b'LoadLibraryExA'
Petya.sample,b'KERNEL32.dll',b'CreateMutexA'
Petya.sample,b'KERNEL32.dll',b'DeleteCriticalSection'
Petya.sample,b'KERNEL32.dll',b'CloseHandle'
Petya.sample,b'KERNEL32.dll',b'WaitForSingleObject'
Petya.sample,b'KERNEL32.dll',b'FormatMessageA'
Petya.sample,b'KERNEL32.dll',b'GetExitCodeProcess'
Petya.sample,b'KERNEL32.dll',b'LocalFree'
Petya.sample,b'KERNEL32.dll',b'DeleteFileA'
Petya.sample,b'KERNEL32.dll',b'SetEvent'
Petya.sample,b'KERNEL32.dll',b'CreateEventA'
Petya.sample,b'KERNEL32.dll',b'lstrcatA'
Petya.sample,b'KERNEL32.dll',b'ResetEvent'
Petya.sample,b'KERNEL32.dll',b'WaitForMultipleObjects'
Petya.sample,b'KERNEL32.dll',b'CreateThread'
Petya.sample,b'KERNEL32.dll',b'lstrcpyA'
Petya.sample,b'KERNEL32.dll',b'lstrcpynA'
Petya.sample,b'KERNEL32.dll',b'CreateFileA'
Petya.sample,b'KERNEL32.dll',b'WriteFile'
Petya.sample,b'KERNEL32.dll',b'Sleep'
Petya.sample,b'KERNEL32.dll',b'ReadFile'
Petya.sample,b'KERNEL32.dll',b'OpenEventA'
Petya.sample,b'KERNEL32.dll',b'GetSystemTime'
Petya.sample,b'KERNEL32.dll',b'GetCurrentProcess'
Petya.sample,b'KERNEL32.dll',b'GetTickCount'
Petya.sample,b'KERNEL32.dll',b'GetCurrentProcessId'
Petya.sample,b'KERNEL32.dll',b'GetTempPathA'
Petya.sample,b'KERNEL32.dll',b'SystemTimeToFileTime'
Petya.sample,b'KERNEL32.dll',b'FileTimeToSystemTime'
Petya.sample,b'KERNEL32.dll',b'MulDiv'
Petya.sample,b'KERNEL32.dll',b'InterlockedExchange'
Petya.sample,b'KERNEL32.dll',b'InterlockedExchangeAdd'
Petya.sample,b'KERNEL32.dll',b'LocalAlloc'
Petya.sample,b'KERNEL32.dll',b'GetCurrentThreadId'
Petya.sample,b'KERNEL32.dll',b'FormatMessageW'
Petya.sample,b'KERNEL32.dll',b'GetLocalTime'
Petya.sample,b'KERNEL32.dll',b'ExitProcess'
Petya.sample,b'KERNEL32.dll',b'GetLocaleInfoA'
Petya.sample,b'KERNEL32.dll',b'GetWindowsDirectoryA'
Petya.sample,b'KERNEL32.dll',b'OpenProcess'
Petya.sample,b'KERNEL32.dll',b'TerminateProcess'
Petya.sample,b'KERNEL32.dll',b'GetSystemDirectoryA'
Petya.sample,b'KERNEL32.dll',b'FindFirstFileA'
Petya.sample,b'KERNEL32.dll',b'FindClose'
Petya.sample,b'KERNEL32.dll',b'LoadLibraryA'
Petya.sample,b'KERNEL32.dll',b'LockResource'
Petya.sample,b'KERNEL32.dll',b'GetNativeSystemInfo'
Petya.sample,b'KERNEL32.dll',b'PeekNamedPipe'
Petya.sample,b'KERNEL32.dll',b'SetHandleInformation'
Petya.sample,b'KERNEL32.dll',b'CreateProcessA'
Petya.sample,b'KERNEL32.dll',b'CreateDirectoryA'
Petya.sample,b'KERNEL32.dll',b'GetProcessHeap'
Petya.sample,b'KERNEL32.dll',b'CreatePipe'
Petya.sample,b'KERNEL32.dll',b'GetSystemDefaultUILanguage'
Petya.sample,b'KERNEL32.dll',b'GetThreadLocale'
Petya.sample,b'KERNEL32.dll',b'GetUserDefaultUILanguage'
Petya.sample,b'KERNEL32.dll',b'MoveFileExA'
Petya.sample,b'KERNEL32.dll',b'GetFileAttributesA'
Petya.sample,b'KERNEL32.dll',b'FindNextFileA'
Petya.sample,b'KERNEL32.dll',b'OpenThread'
Petya.sample,b'KERNEL32.dll',b'GetExitCodeThread'
Petya.sample,b'KERNEL32.dll',b'GetModuleHandleExW'
Petya.sample,b'KERNEL32.dll',b'LoadLibraryW'
Petya.sample,b'KERNEL32.dll',b'LoadLibraryExW'
Petya.sample,b'KERNEL32.dll',b'ReleaseMutex'
Petya.sample,b'KERNEL32.dll',b'QueryPerformanceCounter'
Petya.sample,b'KERNEL32.dll',b'QueryPerformanceFrequency'
Petya.sample,b'KERNEL32.dll',b'CreateFileW'
Petya.sample,b'KERNEL32.dll',b'SetFilePointerEx'
Petya.sample,b'KERNEL32.dll',b'InitializeCriticalSection'
Petya.sample,b'KERNEL32.dll',b'LeaveCriticalSection'
Petya.sample,b'KERNEL32.dll',b'EnterCriticalSection'
Petya.sample,b'KERNEL32.dll',b'InterlockedCompareExchange'
Petya.sample,b'KERNEL32.dll',b'GetStringTypeW'
Petya.sample,b'KERNEL32.dll',b'EncodePointer'
Petya.sample,b'KERNEL32.dll',b'DecodePointer'
Petya.sample,b'KERNEL32.dll',b'GetCurrentDirectoryW'
Petya.sample,b'KERNEL32.dll',b'GetFileInformationByHandle'
Petya.sample,b'KERNEL32.dll',b'GetUserDefaultLCID'
Petya.sample,b'KERNEL32.dll',b'EnumSystemLocalesA'
Petya.sample,b'KERNEL32.dll',b'IsValidLocale'
Petya.sample,b'KERNEL32.dll',b'CompareStringW'
Petya.sample,b'KERNEL32.dll',b'SetEnvironmentVariableA'
Petya.sample,b'KERNEL32.dll',b'InterlockedIncrement'
Petya.sample,b'KERNEL32.dll',b'RemoveDirectoryA'
Petya.sample,b'ADVAPI32.dll',b'SetSecurityDescriptorDacl'
Petya.sample,b'ADVAPI32.dll',b'InitializeSecurityDescriptor'
Petya.sample,b'ADVAPI32.dll',b'RegCloseKey'
Petya.sample,b'ADVAPI32.dll',b'RegDeleteValueA'
Petya.sample,b'ADVAPI32.dll',b'RegOpenKeyExA'
Petya.sample,b'ADVAPI32.dll',b'RegCreateKeyExA'
Petya.sample,b'ADVAPI32.dll',b'RegEnumKeyExA'
Petya.sample,b'ADVAPI32.dll',b'RegDeleteKeyA'
Petya.sample,b'ADVAPI32.dll',b'RegQueryInfoKeyW'
Petya.sample,b'ADVAPI32.dll',b'RegSetValueExA'
Petya.sample,b'ADVAPI32.dll',b'CryptGetHashParam'
Petya.sample,b'ADVAPI32.dll',b'RegQueryInfoKeyA'
Petya.sample,b'ADVAPI32.dll',b'GetTokenInformation'
Petya.sample,b'ADVAPI32.dll',b'CopySid'
Petya.sample,b'ADVAPI32.dll',b'GetWindowsAccountDomainSid'
Petya.sample,b'ADVAPI32.dll',b'CreateWellKnownSid'
Petya.sample,b'ADVAPI32.dll',b'ConvertStringSecurityDescriptorToSecurityDescriptorW'
Petya.sample,b'ADVAPI32.dll',b'ConvertSidToStringSidW'
Petya.sample,b'ADVAPI32.dll',b'RegQueryValueExA'
Petya.sample,b'ADVAPI32.dll',b'CryptReleaseContext'
Petya.sample,b'ADVAPI32.dll',b'CryptAcquireContextA'
Petya.sample,b'ADVAPI32.dll',b'CryptCreateHash'
Petya.sample,b'ADVAPI32.dll',b'CryptDestroyHash'
Petya.sample,b'ADVAPI32.dll',b'CryptHashData'
Petya.sample,b'ADVAPI32.dll',b'RegEnumKeyA'
Petya.sample,b'ADVAPI32.dll',b'OpenProcessToken'
Petya.sample,b'OLEAUT32.dll',b'SysFreeString'
Petya.sample,b'OLEAUT32.dll',b'VarUI4FromStr'
Petya.sample,b'OLEAUT32.dll',b'VariantClear'
Petya.sample,b'OLEAUT32.dll',b'SysAllocString'
Petya.sample,b'OLEAUT32.dll',b'VariantCopy'
Petya.sample,b'OLEAUT32.dll',b'VariantInit'
Petya.sample,b'OLEAUT32.dll',b'VariantChangeType'
Petya.sample,b'OLEAUT32.dll',b'GetErrorInfo'
Petya.sample,b'OLEAUT32.dll',b'SysStringByteLen'
Petya.sample,b'GDI32.dll',b'GetStockObject'
Petya.sample,b'GDI32.dll',b'GetDeviceCaps'
Petya.sample,b'WINTRUST.dll',b'WinVerifyTrust'
Petya.sample,b'CRYPT32.dll',b'CryptMsgClose'
Petya.sample,b'CRYPT32.dll',b'CryptQueryObject'
Petya.sample,b'CRYPT32.dll',b'CertGetNameStringW'
Petya.sample,b'CRYPT32.dll',b'CertFindCertificateInStore'
Petya.sample,b'CRYPT32.dll',b'CertCloseStore'
Petya.sample,b'CRYPT32.dll',b'CryptMsgGetParam'
Petya.sample,b'CRYPT32.dll',b'CryptStringToBinaryA'
Petya.sample,b'CRYPT32.dll',b'CryptBinaryToStringA'
Petya.sample,b'CRYPT32.dll',b'CryptProtectData'
Petya.sample,b'CRYPT32.dll',b'CryptUnprotectData'
Phobos.sample,b'ADVAPI32.dll',b'CryptGenRandom'
Phobos.sample,b'KERNEL32.DLL',b'LoadLibraryA'
Phobos.sample,b'KERNEL32.DLL',b'ExitProcess'
Phobos.sample,b'KERNEL32.DLL',b'GetProcAddress'
Phobos.sample,b'KERNEL32.DLL',b'VirtualProtect'
Phobos.sample,b'USER32.dll',b'ShowWindow'
Phobos.sample,b'WS2_32.dll',b'recv'
Radamant.sample,b'KERNEL32.DLL',b'LoadLibraryA'
Radamant.sample,b'KERNEL32.DLL',b'GetProcAddress'
Radamant.sample,b'KERNEL32.DLL',b'VirtualProtect'
Radamant.sample,b'KERNEL32.DLL',b'VirtualAlloc'
Radamant.sample,b'KERNEL32.DLL',b'VirtualFree'
Radamant.sample,b'KERNEL32.DLL',b'ExitProcess'
Radamant.sample,b'ADVAPI32.DLL',b'FreeSid'
Radamant.sample,b'DNSAPI.DLL',b'DnsQuery_A'
Radamant.sample,b'msvcrt.dll',b'_iob'
Radamant.sample,b'SHELL32.DLL',b'ShellExecuteA'
Radamant.sample,b'USER32.dll',b'wsprintfA'
Radamant.sample,b'WS2_32.DLL',b'recv'
RedBoot.sample,b'KERNEL32.DLL',b'LoadLibraryA'
RedBoot.sample,b'KERNEL32.DLL',b'GetProcAddress'
RedBoot.sample,b'KERNEL32.DLL',b'VirtualProtect'
RedBoot.sample,b'KERNEL32.DLL',b'VirtualAlloc'
RedBoot.sample,b'KERNEL32.DLL',b'VirtualFree'
RedBoot.sample,b'KERNEL32.DLL',b'ExitProcess'
RedBoot.sample,b'ADVAPI32.dll',b'GetAce'
RedBoot.sample,b'COMCTL32.dll',b'ImageList_Remove'
RedBoot.sample,b'COMDLG32.dll',b'GetOpenFileNameW'
RedBoot.sample,b'GDI32.dll',b'LineTo'
RedBoot.sample,b'IPHLPAPI.DLL',b'IcmpSendEcho'
RedBoot.sample,b'MPR.dll',b'WNetUseConnectionW'
RedBoot.sample,b'ole32.dll',b'CoGetObject'
RedBoot.sample,b'OLEAUT32.dll',b'VariantInit'
RedBoot.sample,b'PSAPI.DLL',b'GetProcessMemoryInfo'
RedBoot.sample,b'SHELL32.dll',b'DragFinish'
RedBoot.sample,b'USER32.dll',b'GetDC'
RedBoot.sample,b'USERENV.dll',b'LoadUserProfileW'
RedBoot.sample,b'UxTheme.dll',b'IsThemeActive'
RedBoot.sample,b'VERSION.dll',b'VerQueryValueW'
RedBoot.sample,b'WININET.dll',b'FtpOpenFileW'
RedBoot.sample,b'WINMM.dll',b'timeGetTime'
RedBoot.sample,b'WSOCK32.dll',b'connect'
Revil.sample,b'KERNEL32.dll',b'EnterCriticalSection'
Revil.sample,b'KERNEL32.dll',b'LeaveCriticalSection'
Revil.sample,b'KERNEL32.dll',b'GetStdHandle'
Revil.sample,b'KERNEL32.dll',b'QueryPerformanceCounter'
Revil.sample,b'KERNEL32.dll',b'QueryPerformanceFrequency'
Revil.sample,b'KERNEL32.dll',b'HeapAlloc'
Revil.sample,b'KERNEL32.dll',b'HeapFree'
Revil.sample,b'KERNEL32.dll',b'GetProcessHeap'
Revil.sample,b'KERNEL32.dll',b'InitializeCriticalSection'
Revil.sample,b'KERNEL32.dll',b'DeleteCriticalSection'
Revil.sample,b'KERNEL32.dll',b'ExitProcess'
Revil.sample,b'KERNEL32.dll',b'GetCurrentThread'
Revil.sample,b'KERNEL32.dll',b'GetProcAddress'
Revil.sample,b'KERNEL32.dll',b'SetThreadAffinityMask'
Revil.sample,b'KERNEL32.dll',b'lstrlenW'
Revil.sample,b'KERNEL32.dll',b'LoadLibraryA'
Revil.sample,b'KERNEL32.dll',b'GetConsoleScreenBufferInfo'
Revil.sample,b'KERNEL32.dll',b'SetConsoleTextAttribute'
Revil.sample,b'KERNEL32.dll',b'WriteConsoleW'
Revil.sample,b'KERNEL32.dll',b'IsProcessorFeaturePresent'
Satana.sample,b'ntdll.dll',b'vsprintf'
Satana.sample,b'ntdll.dll',b'memmove'
Satana.sample,b'ntdll.dll',b'NtYieldExecution'
Satana.sample,b'ntdll.dll',b'strchr'
Satana.sample,b'ntdll.dll',b'strncpy'
Satana.sample,b'ntdll.dll',b'_stricmp'
Satana.sample,b'ntdll.dll',b'memset'
Satana.sample,b'KERNEL32.dll',b'GetLocalTime'
Satana.sample,b'KERNEL32.dll',b'OutputDebugStringA'
Satana.sample,b'USER32.dll',b'MessageBoxA'
Satana.sample,b'OPENGL32.dll',b'glEnd'
Satana.sample,b'OPENGL32.dll',b'glEnable'
Satana.sample,b'OPENGL32.dll',b'glLineWidth'
Satana.sample,b'OPENGL32.dll',b'glPolygonMode'
Satana.sample,b'OPENGL32.dll',b'glColor3d'
Satana.sample,b'OPENGL32.dll',b'glBegin'
Satana.sample,b'OPENGL32.dll',b'glDisable'
Satana.sample,b'OPENGL32.dll',b'glClear'
Satana.sample,b'OPENGL32.dll',b'glPointSize'
Satana.sample,b'OPENGL32.dll',b'glLineStipple'
Satana.sample,b'OPENGL32.dll',b'glVertex3d'
Teslacrypt.sample,b'ADVAPI32.dll',b'FreeSid'
Teslacrypt.sample,b'ADVAPI32.dll',b'RegisterEventSourceA'
Teslacrypt.sample,b'ADVAPI32.dll',b'InitializeSecurityDescriptor'
Teslacrypt.sample,b'ADVAPI32.dll',b'GetSidSubAuthority'
Teslacrypt.sample,b'ADVAPI32.dll',b'OpenEventLogW'
Teslacrypt.sample,b'ADVAPI32.dll',b'SetNamedSecurityInfoW'
Teslacrypt.sample,b'ADVAPI32.dll',b'LsaOpenPolicy'
Teslacrypt.sample,b'IMAGEHLP.dll',b'ImageGetCertificateHeader'
Teslacrypt.sample,b'MSVCRT.dll',b'_except_handler3'
Teslacrypt.sample,b'MSVCRT.dll',b'__set_app_type'
Teslacrypt.sample,b'MSVCRT.dll',b'__p__fmode'
Teslacrypt.sample,b'MSVCRT.dll',b'__p__commode'
Teslacrypt.sample,b'MSVCRT.dll',b'_adjust_fdiv'
Teslacrypt.sample,b'MSVCRT.dll',b'__setusermatherr'
Teslacrypt.sample,b'MSVCRT.dll',b'_initterm'
Teslacrypt.sample,b'MSVCRT.dll',b'__getmainargs'
Teslacrypt.sample,b'MSVCRT.dll',b'_acmdln'
Teslacrypt.sample,b'MSVCRT.dll',b'free'
Teslacrypt.sample,b'MSVCRT.dll',b'_flsbuf'
Teslacrypt.sample,b'MSVCRT.dll',b'sqrt'
Teslacrypt.sample,b'MSVCRT.dll',b'_onexit'
Teslacrypt.sample,b'MSVCRT.dll',b'__dllonexit'
Teslacrypt.sample,b'MSVCRT.dll',b'_setmbcp'
Teslacrypt.sample,b'MSVCRT.dll',b'_loaddll'
Teslacrypt.sample,b'MSVCRT.dll',b'_controlfp'
Teslacrypt.sample,b'KERNEL32.dll',b'GetStartupInfoA'
Teslacrypt.sample,b'KERNEL32.dll',b'GetModuleHandleA'
Thanos.sample,b'KERNEL32.dll',b'GetTickCount'
Thanos.sample,b'KERNEL32.dll',b'lstrlenA'
Thanos.sample,b'KERNEL32.dll',b'GetModuleHandleA'
Thanos.sample,b'KERNEL32.dll',b'GetProcessVersion'
Thanos.sample,b'KERNEL32.dll',b'GetFirmwareEnvironmentVariableA'
Thanos.sample,b'KERNEL32.dll',b'FindResourceA'
Thanos.sample,b'KERNEL32.dll',b'DuplicateHandle'
Thanos.sample,b'KERNEL32.dll',b'GetFileAttributesA'
Thanos.sample,b'KERNEL32.dll',b'HeapSize'
Thanos.sample,b'KERNEL32.dll',b'CreateFileW'
Thanos.sample,b'KERNEL32.dll',b'ReadConsoleW'
Thanos.sample,b'KERNEL32.dll',b'CloseHandle'
Thanos.sample,b'KERNEL32.dll',b'ResetEvent'
Thanos.sample,b'KERNEL32.dll',b'GetLastError'
Thanos.sample,b'KERNEL32.dll',b'VirtualProtect'
Thanos.sample,b'KERNEL32.dll',b'AddAtomA'
Thanos.sample,b'KERNEL32.dll',b'GlobalAlloc'
Thanos.sample,b'KERNEL32.dll',b'WriteConsoleW'
Thanos.sample,b'KERNEL32.dll',b'SetStdHandle'
Thanos.sample,b'KERNEL32.dll',b'WideCharToMultiByte'
Thanos.sample,b'KERNEL32.dll',b'EnterCriticalSection'
Thanos.sample,b'KERNEL32.dll',b'LeaveCriticalSection'
Thanos.sample,b'KERNEL32.dll',b'DeleteCriticalSection'
Thanos.sample,b'KERNEL32.dll',b'MultiByteToWideChar'
Thanos.sample,b'KERNEL32.dll',b'EncodePointer'
Thanos.sample,b'KERNEL32.dll',b'DecodePointer'
Thanos.sample,b'KERNEL32.dll',b'SetLastError'
Thanos.sample,b'KERNEL32.dll',b'InitializeCriticalSectionAndSpinCount'
Thanos.sample,b'KERNEL32.dll',b'CreateEventW'
Thanos.sample,b'KERNEL32.dll',b'TlsAlloc'
Thanos.sample,b'KERNEL32.dll',b'TlsGetValue'
Thanos.sample,b'KERNEL32.dll',b'TlsSetValue'
Thanos.sample,b'KERNEL32.dll',b'TlsFree'
Thanos.sample,b'KERNEL32.dll',b'GetSystemTimeAsFileTime'
Thanos.sample,b'KERNEL32.dll',b'GetModuleHandleW'
Thanos.sample,b'KERNEL32.dll',b'GetProcAddress'
Thanos.sample,b'KERNEL32.dll',b'LCMapStringW'
Thanos.sample,b'KERNEL32.dll',b'GetLocaleInfoW'
Thanos.sample,b'KERNEL32.dll',b'GetStringTypeW'
Thanos.sample,b'KERNEL32.dll',b'GetCPInfo'
Thanos.sample,b'KERNEL32.dll',b'SetEvent'
Thanos.sample,b'KERNEL32.dll',b'WaitForSingleObjectEx'
Thanos.sample,b'KERNEL32.dll',b'IsProcessorFeaturePresent'
Thanos.sample,b'KERNEL32.dll',b'IsDebuggerPresent'
Thanos.sample,b'KERNEL32.dll',b'UnhandledExceptionFilter'
Thanos.sample,b'KERNEL32.dll',b'SetUnhandledExceptionFilter'
Thanos.sample,b'KERNEL32.dll',b'GetStartupInfoW'
Thanos.sample,b'KERNEL32.dll',b'GetCurrentProcess'
Thanos.sample,b'KERNEL32.dll',b'TerminateProcess'
Thanos.sample,b'KERNEL32.dll',b'QueryPerformanceCounter'
Thanos.sample,b'KERNEL32.dll',b'GetCurrentProcessId'
Thanos.sample,b'KERNEL32.dll',b'GetCurrentThreadId'
Thanos.sample,b'KERNEL32.dll',b'InitializeSListHead'
Thanos.sample,b'KERNEL32.dll',b'RaiseException'
Thanos.sample,b'KERNEL32.dll',b'RtlUnwind'
Thanos.sample,b'KERNEL32.dll',b'FreeLibrary'
Thanos.sample,b'KERNEL32.dll',b'LoadLibraryExW'
Thanos.sample,b'KERNEL32.dll',b'HeapAlloc'
Thanos.sample,b'KERNEL32.dll',b'HeapFree'
Thanos.sample,b'KERNEL32.dll',b'HeapReAlloc'
Thanos.sample,b'KERNEL32.dll',b'ExitProcess'
Thanos.sample,b'KERNEL32.dll',b'GetModuleHandleExW'
Thanos.sample,b'KERNEL32.dll',b'GetModuleFileNameW'
Thanos.sample,b'KERNEL32.dll',b'GetStdHandle'
Thanos.sample,b'KERNEL32.dll',b'WriteFile'
Thanos.sample,b'KERNEL32.dll',b'GetACP'
Thanos.sample,b'KERNEL32.dll',b'IsValidLocale'
Thanos.sample,b'KERNEL32.dll',b'GetUserDefaultLCID'
Thanos.sample,b'KERNEL32.dll',b'EnumSystemLocalesW'
Thanos.sample,b'KERNEL32.dll',b'GetFileType'
Thanos.sample,b'KERNEL32.dll',b'FlushFileBuffers'
Thanos.sample,b'KERNEL32.dll',b'GetConsoleCP'
Thanos.sample,b'KERNEL32.dll',b'GetConsoleMode'
Thanos.sample,b'KERNEL32.dll',b'ReadFile'
Thanos.sample,b'KERNEL32.dll',b'SetFilePointerEx'
Thanos.sample,b'KERNEL32.dll',b'GetProcessHeap'
Thanos.sample,b'KERNEL32.dll',b'FindClose'
Thanos.sample,b'KERNEL32.dll',b'FindFirstFileExW'
Thanos.sample,b'KERNEL32.dll',b'FindNextFileW'
Thanos.sample,b'KERNEL32.dll',b'IsValidCodePage'
Thanos.sample,b'KERNEL32.dll',b'GetOEMCP'
Thanos.sample,b'KERNEL32.dll',b'GetCommandLineA'
Thanos.sample,b'KERNEL32.dll',b'GetCommandLineW'
Thanos.sample,b'KERNEL32.dll',b'GetEnvironmentStringsW'
Thanos.sample,b'KERNEL32.dll',b'FreeEnvironmentStringsW'
Thanos.sample,b'KERNEL32.dll',b'SetEndOfFile'
Thanos.sample,b'USER32.dll',b'CreateWindowExA'
Thanos.sample,b'USER32.dll',b'AnimateWindow'
Thanos.sample,b'GDI32.dll',b'CloseFigure'
Thanos.sample,b'GDI32.dll',b'SetWinMetaFileBits'
Thanos.sample,b'GDI32.dll',b'StretchBlt'
Thanos.sample,b'GDI32.dll',b'CreateCompatibleBitmap'
Thanos.sample,b'GDI32.dll',b'EndPath'
Thanos.sample,b'SHELL32.dll',b'DragQueryPoint'
Troldesh.sample,b'mscoree.dll',b'_CorExeMain'
Unnamed.sample,b'kernel32.dll',b'DeleteCriticalSection'
Unnamed.sample,b'kernel32.dll',b'LeaveCriticalSection'
Unnamed.sample,b'kernel32.dll',b'EnterCriticalSection'
Unnamed.sample,b'kernel32.dll',b'InitializeCriticalSection'
Unnamed.sample,b'kernel32.dll',b'VirtualFree'
Unnamed.sample,b'kernel32.dll',b'VirtualAlloc'
Unnamed.sample,b'kernel32.dll',b'LocalFree'
Unnamed.sample,b'kernel32.dll',b'LocalAlloc'
Unnamed.sample,b'kernel32.dll',b'GetTickCount'
Unnamed.sample,b'kernel32.dll',b'QueryPerformanceCounter'
Unnamed.sample,b'kernel32.dll',b'GetVersion'
Unnamed.sample,b'kernel32.dll',b'GetCurrentThreadId'
Unnamed.sample,b'kernel32.dll',b'InterlockedDecrement'
Unnamed.sample,b'kernel32.dll',b'InterlockedIncrement'
Unnamed.sample,b'kernel32.dll',b'VirtualQuery'
Unnamed.sample,b'kernel32.dll',b'WideCharToMultiByte'
Unnamed.sample,b'kernel32.dll',b'MultiByteToWideChar'
Unnamed.sample,b'kernel32.dll',b'lstrlenA'
Unnamed.sample,b'kernel32.dll',b'lstrcpynA'
Unnamed.sample,b'kernel32.dll',b'LoadLibraryExA'
Unnamed.sample,b'kernel32.dll',b'GetThreadLocale'
Unnamed.sample,b'kernel32.dll',b'GetStartupInfoA'
Unnamed.sample,b'kernel32.dll',b'GetProcAddress'
Unnamed.sample,b'kernel32.dll',b'GetModuleHandleA'
Unnamed.sample,b'kernel32.dll',b'GetModuleFileNameA'
Unnamed.sample,b'kernel32.dll',b'GetLocaleInfoA'
Unnamed.sample,b'kernel32.dll',b'GetLastError'
Unnamed.sample,b'kernel32.dll',b'GetCommandLineA'
Unnamed.sample,b'kernel32.dll',b'FreeLibrary'
Unnamed.sample,b'kernel32.dll',b'FindFirstFileA'
Unnamed.sample,b'kernel32.dll',b'FindClose'
Unnamed.sample,b'kernel32.dll',b'ExitProcess'
Unnamed.sample,b'kernel32.dll',b'WriteFile'
Unnamed.sample,b'kernel32.dll',b'UnhandledExceptionFilter'
Unnamed.sample,b'kernel32.dll',b'SetFilePointer'
Unnamed.sample,b'kernel32.dll',b'SetEndOfFile'
Unnamed.sample,b'kernel32.dll',b'RtlUnwind'
Unnamed.sample,b'kernel32.dll',b'ReadFile'
Unnamed.sample,b'kernel32.dll',b'RaiseException'
Unnamed.sample,b'kernel32.dll',b'GetStdHandle'
Unnamed.sample,b'kernel32.dll',b'GetFileSize'
Unnamed.sample,b'kernel32.dll',b'GetFileType'
Unnamed.sample,b'kernel32.dll',b'CreateFileA'
Unnamed.sample,b'kernel32.dll',b'CloseHandle'
Unnamed.sample,b'user32.dll',b'GetKeyboardType'
Unnamed.sample,b'user32.dll',b'LoadStringA'
Unnamed.sample,b'user32.dll',b'MessageBoxA'
Unnamed.sample,b'user32.dll',b'CharNextA'
Unnamed.sample,b'advapi32.dll',b'RegQueryValueExA'
Unnamed.sample,b'advapi32.dll',b'RegOpenKeyExA'
Unnamed.sample,b'advapi32.dll',b'RegCloseKey'
Unnamed.sample,b'oleaut32.dll',b'SysFreeString'
Unnamed.sample,b'oleaut32.dll',b'SysReAllocStringLen'
Unnamed.sample,b'oleaut32.dll',b'SysAllocStringLen'
Unnamed.sample,b'kernel32.dll',b'TlsSetValue'
Unnamed.sample,b'kernel32.dll',b'TlsGetValue'
Unnamed.sample,b'kernel32.dll',b'LocalAlloc'
Unnamed.sample,b'kernel32.dll',b'GetModuleHandleA'
Unnamed.sample,b'advapi32.dll',b'RegSetValueExA'
Unnamed.sample,b'advapi32.dll',b'RegOpenKeyExA'
Unnamed.sample,b'advapi32.dll',b'RegFlushKey'
Unnamed.sample,b'advapi32.dll',b'RegCreateKeyExA'
Unnamed.sample,b'advapi32.dll',b'RegCloseKey'
Unnamed.sample,b'advapi32.dll',b'OpenThreadToken'
Unnamed.sample,b'advapi32.dll',b'OpenProcessToken'
Unnamed.sample,b'advapi32.dll',b'GetTokenInformation'
Unnamed.sample,b'advapi32.dll',b'FreeSid'
Unnamed.sample,b'advapi32.dll',b'EqualSid'
Unnamed.sample,b'advapi32.dll',b'AllocateAndInitializeSid'
Unnamed.sample,b'kernel32.dll',b'WriteFile'
Unnamed.sample,b'kernel32.dll',b'WaitForSingleObject'
Unnamed.sample,b'kernel32.dll',b'VirtualQuery'
Unnamed.sample,b'kernel32.dll',b'TerminateProcess'
Unnamed.sample,b'kernel32.dll',b'SizeofResource'
Unnamed.sample,b'kernel32.dll',b'SetFilePointer'
Unnamed.sample,b'kernel32.dll',b'SetEvent'
Unnamed.sample,b'kernel32.dll',b'SetErrorMode'
Unnamed.sample,b'kernel32.dll',b'SetEndOfFile'
Unnamed.sample,b'kernel32.dll',b'ResetEvent'
Unnamed.sample,b'kernel32.dll',b'ReadFile'
Unnamed.sample,b'kernel32.dll',b'OpenProcess'
Unnamed.sample,b'kernel32.dll',b'MulDiv'
Unnamed.sample,b'kernel32.dll',b'MoveFileA'
Unnamed.sample,b'kernel32.dll',b'LockResource'
Unnamed.sample,b'kernel32.dll',b'LoadResource'
Unnamed.sample,b'kernel32.dll',b'LeaveCriticalSection'
Unnamed.sample,b'kernel32.dll',b'InitializeCriticalSection'
Unnamed.sample,b'kernel32.dll',b'GlobalUnlock'
Unnamed.sample,b'kernel32.dll',b'GlobalReAlloc'
Unnamed.sample,b'kernel32.dll',b'GlobalHandle'
Unnamed.sample,b'kernel32.dll',b'GlobalLock'
Unnamed.sample,b'kernel32.dll',b'GlobalFree'
Unnamed.sample,b'kernel32.dll',b'GlobalAlloc'
Unnamed.sample,b'kernel32.dll',b'GetWindowsDirectoryA'
Unnamed.sample,b'kernel32.dll',b'GetVersionExA'
Unnamed.sample,b'kernel32.dll',b'GetTickCount'
Unnamed.sample,b'kernel32.dll',b'GetThreadLocale'
Unnamed.sample,b'kernel32.dll',b'GetTempPathA'
Unnamed.sample,b'kernel32.dll',b'GetSystemInfo'
Unnamed.sample,b'kernel32.dll',b'GetStringTypeExA'
Unnamed.sample,b'kernel32.dll',b'GetStdHandle'
Unnamed.sample,b'kernel32.dll',b'GetProcAddress'
Unnamed.sample,b'kernel32.dll',b'GetModuleHandleA'
Unnamed.sample,b'kernel32.dll',b'GetModuleFileNameA'
Unnamed.sample,b'kernel32.dll',b'GetLocaleInfoA'
Unnamed.sample,b'kernel32.dll',b'GetLocalTime'
Unnamed.sample,b'kernel32.dll',b'GetLastError'
Unnamed.sample,b'kernel32.dll',b'GetFullPathNameA'
Unnamed.sample,b'kernel32.dll',b'GetFileAttributesA'
Unnamed.sample,b'kernel32.dll',b'GetDiskFreeSpaceA'
Unnamed.sample,b'kernel32.dll',b'GetDateFormatA'
Unnamed.sample,b'kernel32.dll',b'GetCurrentThreadId'
Unnamed.sample,b'kernel32.dll',b'GetCurrentThread'
Unnamed.sample,b'kernel32.dll',b'GetCurrentProcessId'
Unnamed.sample,b'kernel32.dll',b'GetCurrentProcess'
Unnamed.sample,b'kernel32.dll',b'GetCPInfo'
Unnamed.sample,b'kernel32.dll',b'GetACP'
Unnamed.sample,b'kernel32.dll',b'FreeResource'
Unnamed.sample,b'kernel32.dll',b'FormatMessageA'
Unnamed.sample,b'kernel32.dll',b'FindResourceA'
Unnamed.sample,b'kernel32.dll',b'FindNextFileA'
Unnamed.sample,b'kernel32.dll',b'FindFirstFileA'
Unnamed.sample,b'kernel32.dll',b'FindClose'
Unnamed.sample,b'kernel32.dll',b'FileTimeToLocalFileTime'
Unnamed.sample,b'kernel32.dll',b'FileTimeToDosDateTime'
Unnamed.sample,b'kernel32.dll',b'EnumCalendarInfoA'
Unnamed.sample,b'kernel32.dll',b'EnterCriticalSection'
Unnamed.sample,b'kernel32.dll',b'DeleteCriticalSection'
Unnamed.sample,b'kernel32.dll',b'CreateFileA'
Unnamed.sample,b'kernel32.dll',b'CreateEventA'
Unnamed.sample,b'kernel32.dll',b'CreateDirectoryA'
Unnamed.sample,b'kernel32.dll',b'CompareStringA'
Unnamed.sample,b'kernel32.dll',b'CloseHandle'
Unnamed.sample,b'gdi32.dll',b'UnrealizeObject'
Unnamed.sample,b'gdi32.dll',b'StretchBlt'
Unnamed.sample,b'gdi32.dll',b'SetWinMetaFileBits'
Unnamed.sample,b'gdi32.dll',b'SetTextColor'
Unnamed.sample,b'gdi32.dll',b'SetStretchBltMode'
Unnamed.sample,b'gdi32.dll',b'SetROP2'
Unnamed.sample,b'gdi32.dll',b'SetEnhMetaFileBits'
Unnamed.sample,b'gdi32.dll',b'SetDIBColorTable'
Unnamed.sample,b'gdi32.dll',b'SetBrushOrgEx'
Unnamed.sample,b'gdi32.dll',b'SetBkMode'
Unnamed.sample,b'gdi32.dll',b'SetBkColor'
Unnamed.sample,b'gdi32.dll',b'SelectPalette'
Unnamed.sample,b'gdi32.dll',b'SelectObject'
Unnamed.sample,b'gdi32.dll',b'RealizePalette'
Unnamed.sample,b'gdi32.dll',b'PlayEnhMetaFile'
Unnamed.sample,b'gdi32.dll',b'PatBlt'
Unnamed.sample,b'gdi32.dll',b'MoveToEx'
Unnamed.sample,b'gdi32.dll',b'MaskBlt'
Unnamed.sample,b'gdi32.dll',b'GetWinMetaFileBits'
Unnamed.sample,b'gdi32.dll',b'GetTextMetricsA'
Unnamed.sample,b'gdi32.dll',b'GetSystemPaletteEntries'
Unnamed.sample,b'gdi32.dll',b'GetStockObject'
Unnamed.sample,b'gdi32.dll',b'GetPixel'
Unnamed.sample,b'gdi32.dll',b'GetPaletteEntries'
Unnamed.sample,b'gdi32.dll',b'GetObjectA'
Unnamed.sample,b'gdi32.dll',b'GetEnhMetaFilePaletteEntries'
Unnamed.sample,b'gdi32.dll',b'GetEnhMetaFileHeader'
Unnamed.sample,b'gdi32.dll',b'GetEnhMetaFileBits'
Unnamed.sample,b'gdi32.dll',b'GetDeviceCaps'
Unnamed.sample,b'gdi32.dll',b'GetDIBits'
Unnamed.sample,b'gdi32.dll',b'GetDIBColorTable'
Unnamed.sample,b'gdi32.dll',b'GetCurrentPositionEx'
Unnamed.sample,b'gdi32.dll',b'GetBrushOrgEx'
Unnamed.sample,b'gdi32.dll',b'GetBitmapBits'
Unnamed.sample,b'gdi32.dll',b'GdiFlush'
Unnamed.sample,b'gdi32.dll',b'DeleteObject'
Unnamed.sample,b'gdi32.dll',b'DeleteEnhMetaFile'
Unnamed.sample,b'gdi32.dll',b'DeleteDC'
Unnamed.sample,b'gdi32.dll',b'CreatePenIndirect'
Unnamed.sample,b'gdi32.dll',b'CreatePalette'
Unnamed.sample,b'gdi32.dll',b'CreateHalftonePalette'
Unnamed.sample,b'gdi32.dll',b'CreateFontIndirectA'
Unnamed.sample,b'gdi32.dll',b'CreateDIBitmap'
Unnamed.sample,b'gdi32.dll',b'CreateDIBSection'
Unnamed.sample,b'gdi32.dll',b'CreateCompatibleDC'
Unnamed.sample,b'gdi32.dll',b'CreateCompatibleBitmap'
Unnamed.sample,b'gdi32.dll',b'CreateBrushIndirect'
Unnamed.sample,b'gdi32.dll',b'CreateBitmap'
Unnamed.sample,b'gdi32.dll',b'CopyEnhMetaFileA'
Unnamed.sample,b'gdi32.dll',b'BitBlt'
Unnamed.sample,b'user32.dll',b'SystemParametersInfoA'
Unnamed.sample,b'user32.dll',b'ReleaseDC'
Unnamed.sample,b'user32.dll',b'MessageBoxA'
Unnamed.sample,b'user32.dll',b'LoadStringA'
Unnamed.sample,b'user32.dll',b'LoadIconA'
Unnamed.sample,b'user32.dll',b'GetSystemMetrics'
Unnamed.sample,b'user32.dll',b'GetSysColor'
Unnamed.sample,b'user32.dll',b'GetIconInfo'
Unnamed.sample,b'user32.dll',b'GetFocus'
Unnamed.sample,b'user32.dll',b'GetDC'
Unnamed.sample,b'user32.dll',b'GetClipboardData'
Unnamed.sample,b'user32.dll',b'FillRect'
Unnamed.sample,b'user32.dll',b'DrawIconEx'
Unnamed.sample,b'user32.dll',b'DestroyIcon'
Unnamed.sample,b'user32.dll',b'CreateIcon'
Unnamed.sample,b'user32.dll',b'CharNextA'
Unnamed.sample,b'user32.dll',b'CharLowerBuffA'
Unnamed.sample,b'user32.dll',b'CharToOemA'
Unnamed.sample,b'kernel32.dll',b'Sleep'
Unnamed.sample,b'oleaut32.dll',b'SafeArrayPtrOfIndex'
Unnamed.sample,b'oleaut32.dll',b'SafeArrayGetUBound'
Unnamed.sample,b'oleaut32.dll',b'SafeArrayGetLBound'
Unnamed.sample,b'oleaut32.dll',b'SafeArrayCreate'
Unnamed.sample,b'oleaut32.dll',b'VariantChangeType'
Unnamed.sample,b'oleaut32.dll',b'VariantCopy'
Unnamed.sample,b'oleaut32.dll',b'VariantClear'
Unnamed.sample,b'oleaut32.dll',b'VariantInit'
Unnamed.sample,b'shell32.dll',b'ShellExecuteExA'
Unnamed.sample,b'shell32.dll',b'ShellExecuteA'
Unnamed.sample,b'wininet.dll',b'InternetReadFile'
Unnamed.sample,b'wininet.dll',b'InternetOpenUrlA'
Unnamed.sample,b'wininet.dll',b'InternetOpenA'
Unnamed.sample,b'wininet.dll',b'InternetCloseHandle'
Vipasana.sample,b'KERNEL32.dll',b'GetFileAttributesW'
Vipasana.sample,b'KERNEL32.dll',b'GetFileSizeEx'
Vipasana.sample,b'KERNEL32.dll',b'CreateFileA'
Vipasana.sample,b'KERNEL32.dll',b'InitializeCriticalSection'
Vipasana.sample,b'KERNEL32.dll',b'DeleteCriticalSection'
Vipasana.sample,b'KERNEL32.dll',b'ReadFile'
Vipasana.sample,b'KERNEL32.dll',b'GetFileSize'
Vipasana.sample,b'KERNEL32.dll',b'WriteFile'
Vipasana.sample,b'KERNEL32.dll',b'LeaveCriticalSection'
Vipasana.sample,b'KERNEL32.dll',b'EnterCriticalSection'
Vipasana.sample,b'KERNEL32.dll',b'SetFileAttributesW'
Vipasana.sample,b'KERNEL32.dll',b'SetCurrentDirectoryW'
Vipasana.sample,b'KERNEL32.dll',b'CreateDirectoryW'
Vipasana.sample,b'KERNEL32.dll',b'GetTempPathW'
Vipasana.sample,b'KERNEL32.dll',b'GetWindowsDirectoryW'
Vipasana.sample,b'KERNEL32.dll',b'GetFileAttributesA'
Vipasana.sample,b'KERNEL32.dll',b'SizeofResource'
Vipasana.sample,b'KERNEL32.dll',b'LockResource'
Vipasana.sample,b'KERNEL32.dll',b'LoadResource'
Vipasana.sample,b'KERNEL32.dll',b'MultiByteToWideChar'
Vipasana.sample,b'KERNEL32.dll',b'Sleep'
Vipasana.sample,b'KERNEL32.dll',b'OpenMutexA'
Vipasana.sample,b'KERNEL32.dll',b'GetFullPathNameA'
Vipasana.sample,b'KERNEL32.dll',b'CopyFileA'
Vipasana.sample,b'KERNEL32.dll',b'GetModuleFileNameA'
Vipasana.sample,b'KERNEL32.dll',b'VirtualAlloc'
Vipasana.sample,b'KERNEL32.dll',b'VirtualFree'
Vipasana.sample,b'KERNEL32.dll',b'FreeLibrary'
Vipasana.sample,b'KERNEL32.dll',b'HeapAlloc'
Vipasana.sample,b'KERNEL32.dll',b'GetProcessHeap'
Vipasana.sample,b'KERNEL32.dll',b'GetModuleHandleA'
Vipasana.sample,b'KERNEL32.dll',b'SetLastError'
Vipasana.sample,b'KERNEL32.dll',b'VirtualProtect'
Vipasana.sample,b'KERNEL32.dll',b'IsBadReadPtr'
Vipasana.sample,b'KERNEL32.dll',b'HeapFree'
Vipasana.sample,b'KERNEL32.dll',b'SystemTimeToFileTime'
Vipasana.sample,b'KERNEL32.dll',b'LocalFileTimeToFileTime'
Vipasana.sample,b'KERNEL32.dll',b'CreateDirectoryA'
Vipasana.sample,b'KERNEL32.dll',b'GetStartupInfoA'
Vipasana.sample,b'KERNEL32.dll',b'SetFilePointer'
Vipasana.sample,b'KERNEL32.dll',b'SetFileTime'
Vipasana.sample,b'KERNEL32.dll',b'GetComputerNameW'
Vipasana.sample,b'KERNEL32.dll',b'GetCurrentDirectoryA'
Vipasana.sample,b'KERNEL32.dll',b'SetCurrentDirectoryA'
Vipasana.sample,b'KERNEL32.dll',b'GlobalAlloc'
Vipasana.sample,b'KERNEL32.dll',b'LoadLibraryA'
Vipasana.sample,b'KERNEL32.dll',b'GetProcAddress'
Vipasana.sample,b'KERNEL32.dll',b'GlobalFree'
Vipasana.sample,b'KERNEL32.dll',b'CreateProcessA'
Vipasana.sample,b'KERNEL32.dll',b'CloseHandle'
Vipasana.sample,b'KERNEL32.dll',b'WaitForSingleObject'
Vipasana.sample,b'KERNEL32.dll',b'TerminateProcess'
Vipasana.sample,b'KERNEL32.dll',b'GetExitCodeProcess'
Vipasana.sample,b'KERNEL32.dll',b'FindResourceA'
Vipasana.sample,b'USER32.dll',b'wsprintfA'
Vipasana.sample,b'ADVAPI32.dll',b'CreateServiceA'
Vipasana.sample,b'ADVAPI32.dll',b'OpenServiceA'
Vipasana.sample,b'ADVAPI32.dll',b'StartServiceA'
Vipasana.sample,b'ADVAPI32.dll',b'CloseServiceHandle'
Vipasana.sample,b'ADVAPI32.dll',b'CryptReleaseContext'
Vipasana.sample,b'ADVAPI32.dll',b'RegCreateKeyW'
Vipasana.sample,b'ADVAPI32.dll',b'RegSetValueExA'
Vipasana.sample,b'ADVAPI32.dll',b'RegQueryValueExA'
Vipasana.sample,b'ADVAPI32.dll',b'RegCloseKey'
Vipasana.sample,b'ADVAPI32.dll',b'OpenSCManagerA'
Vipasana.sample,b'MSVCRT.dll',b'realloc'
Vipasana.sample,b'MSVCRT.dll',b'fclose'
Vipasana.sample,b'MSVCRT.dll',b'fwrite'
Vipasana.sample,b'MSVCRT.dll',b'fread'
Vipasana.sample,b'MSVCRT.dll',b'fopen'
Vipasana.sample,b'MSVCRT.dll',b'sprintf'
Vipasana.sample,b'MSVCRT.dll',b'rand'
Vipasana.sample,b'MSVCRT.dll',b'srand'
Vipasana.sample,b'MSVCRT.dll',b'strcpy'
Vipasana.sample,b'MSVCRT.dll',b'memset'
Vipasana.sample,b'MSVCRT.dll',b'strlen'
Vipasana.sample,b'MSVCRT.dll',b'wcscat'
Vipasana.sample,b'MSVCRT.dll',b'wcslen'
Vipasana.sample,b'MSVCRT.dll',b'__CxxFrameHandler'
Vipasana.sample,b'MSVCRT.dll',b'??3@YAXPAX@Z'
Vipasana.sample,b'MSVCRT.dll',b'memcmp'
Vipasana.sample,b'MSVCRT.dll',b'_except_handler3'
Vipasana.sample,b'MSVCRT.dll',b'_local_unwind2'
Vipasana.sample,b'MSVCRT.dll',b'wcsrchr'
Vipasana.sample,b'MSVCRT.dll',b'swprintf'
Vipasana.sample,b'MSVCRT.dll',b'??2@YAPAXI@Z'
Vipasana.sample,b'MSVCRT.dll',b'memcpy'
Vipasana.sample,b'MSVCRT.dll',b'strcmp'
Vipasana.sample,b'MSVCRT.dll',b'strrchr'
Vipasana.sample,b'MSVCRT.dll',b'__p___argv'
Vipasana.sample,b'MSVCRT.dll',b'__p___argc'
Vipasana.sample,b'MSVCRT.dll',b'_stricmp'
Vipasana.sample,b'MSVCRT.dll',b'free'
Vipasana.sample,b'MSVCRT.dll',b'malloc'
Vipasana.sample,b'MSVCRT.dll',b'??0exception@@QAE@ABV0@@Z'
Vipasana.sample,b'MSVCRT.dll',b'??1exception@@UAE@XZ'
Vipasana.sample,b'MSVCRT.dll',b'??0exception@@QAE@ABQBD@Z'
Vipasana.sample,b'MSVCRT.dll',b'_CxxThrowException'
Vipasana.sample,b'MSVCRT.dll',b'calloc'
Vipasana.sample,b'MSVCRT.dll',b'strcat'
Vipasana.sample,b'MSVCRT.dll',b'_mbsstr'
Vipasana.sample,b'MSVCRT.dll',b'??1type_info@@UAE@XZ'
Vipasana.sample,b'MSVCRT.dll',b'_exit'
Vipasana.sample,b'MSVCRT.dll',b'_XcptFilter'
Vipasana.sample,b'MSVCRT.dll',b'exit'
Vipasana.sample,b'MSVCRT.dll',b'_acmdln'
Vipasana.sample,b'MSVCRT.dll',b'__getmainargs'
Vipasana.sample,b'MSVCRT.dll',b'_initterm'
Vipasana.sample,b'MSVCRT.dll',b'__setusermatherr'
Vipasana.sample,b'MSVCRT.dll',b'_adjust_fdiv'
Vipasana.sample,b'MSVCRT.dll',b'__p__commode'
Vipasana.sample,b'MSVCRT.dll',b'__p__fmode'
Vipasana.sample,b'MSVCRT.dll',b'__set_app_type'
Vipasana.sample,b'MSVCRT.dll',b'_controlfp'
Wannacry.sample,b'KERNEL32.dll',b'CloseHandle'
Wannacry.sample,b'KERNEL32.dll',b'WriteFile'
Wannacry.sample,b'KERNEL32.dll',b'CreateFileA'
Wannacry.sample,b'KERNEL32.dll',b'SizeofResource'
Wannacry.sample,b'KERNEL32.dll',b'LockResource'
Wannacry.sample,b'KERNEL32.dll',b'LoadResource'
Wannacry.sample,b'KERNEL32.dll',b'FindResourceA'
Wannacry.sample,b'KERNEL32.dll',b'CreateProcessA'
Wannacry.sample,b'MSVCRT.dll',b'free'
Wannacry.sample,b'MSVCRT.dll',b'_initterm'
Wannacry.sample,b'MSVCRT.dll',b'malloc'
Wannacry.sample,b'MSVCRT.dll',b'_adjust_fdiv'
Wannacry.sample,b'MSVCRT.dll',b'sprintf'
